＠|＠|＠|EVOLUZIONE al livello 10|＠|＠|EVOLUZIONE al livello 30 (incluso MAX+)|＠|＠|＠|＠|＠|＠
Appare dopo Impero Cap. I: Corea|＠|＠|EVOLUZIONE al livello 10|＠|＠|EVOLUZIONE al livello 30 (incluso MAX+)|＠|＠|＠|＠|＠|＠
Appare dopo Impero Cap. I: Cina|＠|＠|EVOLUZIONE al livello 10|＠|＠|EVOLUZIONE al livello 30 (incluso MAX+)|＠|＠|＠|＠|＠|＠
Appare dopo Impero Cap. I: Filippine|＠|＠|EVOLUZIONE al livello 10|＠|＠|EVOLUZIONE al livello 30 (incluso MAX+)|＠|＠|＠|＠|＠|＠
Appare dopo Impero Cap. I: Spagna|＠|＠|EVOLUZIONE al livello 10|＠|＠|EVOLUZIONE al livello 30 (incluso MAX+)|＠|＠|＠|＠|＠|＠
Appare dopo Impero Cap. I: Spagna|＠|＠|EVOLUZIONE al livello 10|＠|＠|EVOLUZIONE al livello 30 (incluso MAX+)|＠|＠|＠|＠|＠|＠
Appare dopo Impero Cap. I: Madagascar|＠|＠|EVOLUZIONE al livello 10|＠|＠|EVOLUZIONE al livello 30 (incluso MAX+)|＠|＠|＠|＠|＠|＠
Appare dopo Impero Cap. I: Egitto|＠|＠|EVOLUZIONE al livello 10|＠|＠|EVOLUZIONE al livello 30 (incluso MAX+)|＠|＠|＠|＠|＠|＠
Appare dopo Impero Cap. I: Italia|＠|＠|EVOLUZIONE al livello 10|＠|＠|EVOLUZIONE al livello 30 (incluso MAX+)|＠|＠|＠|＠|＠|＠
Appare dopo Impero Cap. II: Giappone|＠|＠|EVOLUZIONE al livello 10|＠|＠|Dal livello evento Risveglio|Arriva Gattrice!|EVOLUZIONE al livello 20|＠|＠|＠|＠
Appare dopo Impero Cap. I: Giamaica|＠|＠|EVOLUZIONE al livello 10|＠|＠|Dal livello evento Risveglio|Arriva Kung Fu!|EVOLUZIONE al livello 20|＠|＠|＠|＠
Appare dopo Impero Cap. II: India|＠|＠|EVOLUZIONE al livello 10|＠|＠|Dal livello evento Risveglio|Arriva Mr.!|EVOLUZIONE al livello 20|＠|＠|＠|＠
Appare dopo Impero Cap. I: Danimarca|＠|＠|EVOLUZIONE al livello 10|＠|＠|Dal livello evento Risveglio|Arriva Bondage!|EVOLUZIONE al livello 20|＠|＠|＠|＠
Appare dopo Impero Cap. I: Groenlandia|＠|＠|EVOLUZIONE al livello 10|＠|＠|Dal livello evento Risveglio|Arriva Domigattrix!|EVOLUZIONE al livello 20|＠|＠|＠|＠
Appare dopo Impero Cap. I: Egitto|＠|＠|EVOLUZIONE al livello 10|＠|＠|Dal livello evento Risveglio|Arrivano Gatti in scatola!|EVOLUZIONE al livello 20|＠|＠|＠|＠
Appare dopo Impero Cap. II: Bermuda|＠|＠|EVOLUZIONE al livello 10|＠|＠|Dal livello evento Risveglio|Arriva Slip!|EVOLUZIONE al livello 20|＠|＠|＠|＠
Appare dopo Impero Cap. I: Luna|＠|＠|EVOLUZIONE al livello 10|＠|＠|Quando raggiungi il livello 30, usa|XP e miagrume per evolvere.|＠|＠|＠|＠|＠
Si sblocca con 30 timbri accesso|＠|＠|EVOLUZIONE al livello 10|＠|＠|Dal livello evento Risveglio|Arriva Triciclo!|EVOLUZIONE al livello 20|＠|＠|＠|＠
Appare dopo Impero Cap. I: Filippine|＠|＠|EVOLUZIONE al livello 10|＠|＠|Dal livello evento Risveglio|Arriva Ninja!|EVOLUZIONE al livello 20|＠|＠|＠|＠
Appare dopo Impero Cap. I: Madagascar|＠|＠|EVOLUZIONE al livello 10|＠|＠|Dal livello evento Risveglio|Arriva Zombi!|EVOLUZIONE al livello 20|＠|＠|＠|＠
Appare dopo Impero Cap. I: Nepal|＠|＠|EVOLUZIONE al livello 10|＠|＠|Dal livello evento Risveglio|Arriva Samurai!|EVOLUZIONE al livello 20|＠|＠|＠|＠
Appare dopo Impero Cap. I: Singapore|＠|＠|EVOLUZIONE al livello 10|＠|＠|Dal livello evento Risveglio|Arriva Sumo!|EVOLUZIONE al livello 20|＠|＠|＠|＠
Appare dopo Impero Cap. I: Italia|＠|＠|EVOLUZIONE al livello 10|＠|＠|Dal livello evento Risveglio|Arriva Boogie!|EVOLUZIONE al livello 20|＠|＠|＠|＠
Appare dopo Impero Cap. II: Grecia|＠|＠|EVOLUZIONE al livello 10|＠|＠|Dal livello evento Risveglio|Arriva Gonnellina!|EVOLUZIONE al livello 20|＠|＠|＠|＠
Appare dopo Impero Cap. II: Luna|＠|＠|EVOLUZIONE al livello 10|＠|＠|Appare dopo Futuro Cap. II: Luna|EVOLUZIONE al livello 20|＠|＠|＠|＠|＠
Appare dopo Impero Cap. III: Luna|＠|＠|EVOLUZIONE al livello 10|＠|＠|Appare dopo Futuro Cap. III: Luna|EVOLUZIONE al livello 20|＠|＠|＠|＠|＠
Raccogli da evento collab.|＠|＠|EVOLUZIONE al livello 10|＠|＠|Raccogli da evento collab.|Princess Punt Awakens!|EVOLUZIONE al livello 20|＠|＠|＠|＠
Raccogli da evento collab.|＠|＠|EVOLUZIONE al livello 10|＠|＠|＠|＠|＠|＠|＠|＠|＠
Ottieni come regalo speciale|＠|＠|EVOLUZIONE al livello 10|＠|＠|＠|＠|＠|＠|＠|＠|＠
Ottieni come regalo speciale|＠|＠|EVOLUZIONE al livello 10|＠|＠|＠|＠|＠|＠|＠|＠|＠
Raccogli da capsule rare!|＠|＠|EVOLUZIONE al livello 10|＠|＠|Quando raggiungi il livello 30, usa|XP e miagrume per evolvere.|＠|＠|＠|＠|＠
Raccogli da capsule rare!|＠|＠|EVOLUZIONE al livello 10|＠|＠|Quando raggiungi il livello 30, usa|XP e miagrume per evolvere.|＠|＠|＠|＠|＠
Raccogli da capsule rare!|＠|＠|EVOLUZIONE al livello 10|＠|＠|Quando raggiungi il livello 30, usa|XP e miagrume per evolvere.|＠|＠|＠|＠|＠
Raccogli da capsule rare!|＠|＠|EVOLUZIONE al livello 10|＠|＠|Quando raggiungi il livello 30, usa|XP e miagrume per evolvere.|＠|＠|＠|＠|＠
Dall'evento capsule rare|I racconti di Nekoluga|＠|EVOLUZIONE al livello 10|＠|＠|Quando raggiungi il livello 30, usa|XP e miagrume per evolvere.|＠|＠|＠|＠|＠
Raccogli da capsule rare!|＠|＠|EVOLUZIONE al livello 10|＠|＠|Quando raggiungi il livello 30, usa|XP e miagrume per evolvere.|＠|＠|＠|＠|＠
Raccogli da capsule rare!|＠|＠|EVOLUZIONE al livello 10|＠|＠|Quando raggiungi il livello 30, usa|XP e miagrume per evolvere.|＠|＠|＠|＠|＠
Raccogli da capsule rare!|＠|＠|EVOLUZIONE al livello 10|＠|＠|Quando raggiungi il livello 30, usa|XP e miagrume per evolvere.|＠|＠|＠|＠|＠
Raccogli da capsule rare!|＠|＠|EVOLUZIONE al livello 10|＠|＠|Quando raggiungi il livello 30, usa|XP e miagrume per evolvere.|＠|＠|＠|＠|＠
Raccogli da capsule rare!|＠|＠|EVOLUZIONE al livello 10|＠|＠|Quando raggiungi il livello 30, usa|XP e miagrume per evolvere.|＠|＠|＠|＠|＠
Raccogli da capsule rare!|＠|＠|EVOLUZIONE al livello 10|＠|＠|Quando raggiungi il livello 30, usa|XP e miagrume per evolvere.|＠|＠|＠|＠|＠
Raccogli da capsule rare!|＠|＠|EVOLUZIONE al livello 10|＠|＠|Quando raggiungi il livello 30, usa|XP e miagrume per evolvere.|＠|＠|＠|＠|＠
Dall'evento capsule rare|Le Dinamiti|＠|EVOLUZIONE al livello 10|＠|＠|Quando raggiungi il livello 30, usa|XP e miagrume per evolvere.|＠|＠|＠|＠|＠
Dall'evento capsule rare|Le Dinamiti|＠|EVOLUZIONE al livello 10|＠|＠|Quando raggiungi il livello 30, usa|XP e miagrume per evolvere.|＠|＠|＠|＠|＠
Dall'evento capsule rare|Le Dinamiti|＠|EVOLUZIONE al livello 10|＠|＠|Quando raggiungi il livello 30, usa|XP e miagrume per evolvere.|＠|＠|＠|＠|＠
Ottieni come regalo speciale|＠|＠|EVOLUZIONE al livello 10|＠|＠|＠|＠|＠|＠|＠|＠|＠
Raccogli da capsule rare!|＠|＠|EVOLUZIONE al livello 10|＠|＠|Quando raggiungi il livello 30, usa|XP e miagrume per evolvere.|＠|＠|＠|＠|＠
Raccogli da capsule rare!|＠|＠|EVOLUZIONE al livello 10|＠|＠|Quando raggiungi il livello 30, usa|XP e miagrume per evolvere.|＠|＠|＠|＠|＠
Raccogli da capsule rare!|＠|＠|EVOLUZIONE al livello 10|＠|＠|Quando raggiungi il livello 30, usa|XP e miagrume per evolvere.|＠|＠|＠|＠|＠
Raccogli da capsule rare!|＠|＠|EVOLUZIONE al livello 10|＠|＠|Quando raggiungi il livello 30, usa|XP e miagrume per evolvere.|＠|＠|＠|＠|＠
Raccogli da capsule rare!|＠|＠|EVOLUZIONE al livello 10|＠|＠|Quando raggiungi il livello 30, usa|XP e miagrume per evolvere.|＠|＠|＠|＠|＠
Raccogli da capsule rare!|＠|＠|EVOLUZIONE al livello 10|＠|＠|Quando raggiungi il livello 30, usa|XP e miagrume per evolvere.|＠|＠|＠|＠|＠
Raccogli da capsule rare!|＠|＠|EVOLUZIONE al livello 10|＠|＠|Quando raggiungi il livello 30, usa|XP e miagrume per evolvere.|＠|＠|＠|＠|＠
Ottieni come regalo speciale|＠|＠|EVOLUZIONE al livello 10|＠|＠|＠|＠|＠|＠|＠|＠|＠
Raccogli da evento collab.|＠|＠|EVOLUZIONE al livello 10|＠|＠|＠|＠|＠|＠|＠|＠|＠
Raccogli da capsule rare!|＠|＠|EVOLUZIONE al livello 10|＠|＠|Quando raggiungi il livello 30, usa|XP e miagrume per evolvere.|＠|＠|＠|＠|＠
Raccogli da capsule rare!|＠|＠|EVOLUZIONE al livello 10|＠|＠|Quando raggiungi il livello 30, usa|XP e miagrume per evolvere.|＠|＠|＠|＠|＠
Dall'evento capsule rare|Le Dinamiti|＠|EVOLUZIONE al livello 10|＠|＠|Quando raggiungi il livello 30, usa|XP e miagrume per evolvere.|＠|＠|＠|＠|＠
Raccogli da capsule rare!|＠|＠|EVOLUZIONE al livello 10|＠|＠|Quando raggiungi il livello 30, usa|XP e miagrume per evolvere.|＠|＠|＠|＠|＠
Dall'evento capsule rare|Le Dinamiti|＠|EVOLUZIONE al livello 10|＠|＠|Quando raggiungi il livello 30, usa|XP e miagrume per evolvere.|＠|Dopo aver raggiunto la Forma Reale e il liv. 60|Miagrume, pietre Behemoth per evolvere.|＠|＠
Dal livello evento|Paradiso delle tenebre|＠|EVOLUZIONE al livello 10|＠|＠|Dal livello evento|NEO Cieli oscuri|EVOLUZIONE al livello 20|＠|＠|＠|＠
Raccogli da capsule rare!|＠|＠|EVOLUZIONE al livello 10|＠|＠|Quando raggiungi il livello 30, usa|XP e miagrume per evolvere.|＠|＠|＠|＠|＠
Ottieni come regalo speciale|＠|＠|EVOLUZIONE al livello 10|＠|＠|＠|＠|＠|＠|＠|＠|＠
Dal livello evento mensile|Autunno = Giorno sportivo|＠|EVOLUZIONE al livello 10|＠|＠|Dal livello evento Risveglio|Arriva Giorno sportivo!|EVOLUZIONE al livello 20|＠|＠|＠|＠
Raccogli da evento collab.|＠|＠|EVOLUZIONE al livello 10|＠|＠|＠|＠|＠|＠|＠|＠|＠
Raccogli da evento collab.|＠|＠|EVOLUZIONE al livello 10|＠|＠|＠|＠|＠|＠|＠|＠|＠
Raccogli da evento collab.|＠|＠|EVOLUZIONE al livello 10|＠|＠|Quando raggiungi il livello 30, usa|XP e miagrume per evolvere.|＠|＠|＠|＠|＠
Raccogli da evento collab.|＠|＠|EVOLUZIONE al livello 10|＠|＠|Quando raggiungi il livello 30, usa|XP e miagrume per evolvere.|＠|＠|＠|＠|＠
Raccogli da evento collab.|＠|＠|EVOLUZIONE al livello 10|＠|＠|Quando raggiungi il livello 30, usa|XP e miagrume per evolvere.|＠|＠|＠|＠|＠
Raccogli da evento collab.|Alluring Princess|＠|EVOLUZIONE al livello 10|＠|＠|Raccogli da evento collab.|Sleeping Beauty Punt Awakens!|EVOLUZIONE al livello 20|＠|＠|＠|＠
Dal livello evento mensile|Viva il lavoro|＠|EVOLUZIONE al livello 10|＠|＠|Dal livello evento Risveglio|Arriva Dipendente!|EVOLUZIONE al livello 20|＠|＠|＠|＠
Dall'evento capsule rare|Dèi della guerra: Vajiras|＠|EVOLUZIONE al livello 10|＠|＠|Quando raggiungi il livello 30, usa|XP e miagrume per evolvere.|＠|＠|＠|＠|＠
Dall'evento capsule rare|Dèi della guerra: Vajiras|＠|EVOLUZIONE al livello 10|＠|＠|Quando raggiungi il livello 30, usa|XP e miagrume per evolvere.|＠|＠|＠|＠|＠
Dall'evento capsule rare|Dèi della guerra: Vajiras|＠|EVOLUZIONE al livello 10|＠|＠|Quando raggiungi il livello 30, usa|XP e miagrume per evolvere.|＠|Dopo aver raggiunto la Forma Reale e il liv. 60|usa XP, miagrume, pietre B. per evolvere.|＠|＠
Dal livello evento mensile|Gatto del ciel|＠|EVOLUZIONE al livello 10|＠|＠|Dal livello evento Risveglio|Arriva Pescegatto Renna!|EVOLUZIONE al livello 20|＠|＠|＠|＠
Dall'evento capsule rare|Ragazze galattiche Cyberaccademia|＠|EVOLUZIONE al livello 10|＠|＠|Quando raggiungi il livello 30, usa|XP e miagrume per evolvere.|＠|Dopo aver raggiunto la Forma Reale e il liv. 60|usa XP, miagrume, pietre B. per evolvere.|＠|＠
Dall'evento capsule rare|Ragazze galattiche Cyberaccademia|＠|EVOLUZIONE al livello 10|＠|＠|Quando raggiungi il livello 30, usa|XP e miagrume per evolvere.|＠|Dopo aver raggiunto la Forma Reale e il liv. 60|Miagrume, pietre Behemoth per evolvere.|＠|＠
Raccogli da evento collab.|＠|＠|EVOLUZIONE al livello 10|＠|＠|Raccogli da evento collab.|Droid Awakes!|EVOLUZIONE al livello 20|＠|＠|＠|＠
Dal livello evento|Catastrofe cremisi|＠|EVOLUZIONE al livello 10|＠|＠|Dal livello evento|Vendetta cremisi|EVOLUZIONE al livello 20|＠|＠|＠|＠
Dal livello evento mensile|Felice anno nuovo?|＠|EVOLUZIONE al livello 10|＠|＠|Dal livello evento Risveglio|Arriva Gattadulto!|EVOLUZIONE al livello 20|＠|＠|＠|＠
Dal livello evento mensile|Felicità rituale|＠|EVOLUZIONE al livello 10|＠|＠|Dal livello evento Risveglio|Arriva Gattivo!|EVOLUZIONE al livello 20|＠|＠|＠|＠
Dal livello evento mensile|Orsi e rimorsi|＠|EVOLUZIONE al livello 10|＠|＠|Dal livello evento Risveglio|Arrivano Miambole!|EVOLUZIONE al livello 20|＠|＠|＠|＠
Ottieni come regalo speciale|＠|＠|EVOLUZIONE al livello 10|＠|＠|＠|＠|＠|＠|＠|＠|＠
Dall'evento capsule rare|Signori della distruzione: Dragoni Imperatori|＠|EVOLUZIONE al livello 10|＠|＠|Quando raggiungi il livello 30, usa|XP e miagrume per evolvere.|＠|＠|＠|＠|＠
Dall'evento capsule rare|Signori della distruzione: Dragoni Imperatori|＠|EVOLUZIONE al livello 10|＠|＠|Quando raggiungi il livello 30, usa|XP e miagrume per evolvere.|＠|＠|＠|＠|＠
Dall'evento capsule rare|Signori della distruzione: Dragoni Imperatori|＠|EVOLUZIONE al livello 10|＠|＠|Quando raggiungi il livello 30, usa|XP e miagrume per evolvere.|＠|＠|＠|＠|＠
Dall'evento capsule rare|Signori della distruzione: Dragoni Imperatori|＠|EVOLUZIONE al livello 10|＠|＠|Quando raggiungi il livello 30, usa|XP e miagrume per evolvere.|＠|＠|＠|＠|＠
Dall'evento capsule rare|Signori della distruzione: Dragoni Imperatori|＠|EVOLUZIONE al livello 10|＠|＠|Quando raggiungi il livello 30, usa|XP e miagrume per evolvere.|＠|＠|＠|＠|＠
Dal livello evento|Ineguagliabile|＠|EVOLUZIONE al livello 10|＠|＠|Dal livello evento|Anche ineguagliabile|EVOLUZIONE al livello 20|＠|＠|＠|＠
Raccogli da evento collab.|＠|＠|EVOLUZIONE al livello 10|＠|＠|＠|＠|＠|＠|＠|＠|＠
Raccogli da evento collab.|＠|＠|EVOLUZIONE al livello 10|＠|＠|＠|＠|＠|＠|＠|＠|＠
Dal livello evento|Il Gatto matto|＠|EVOLUZIONE al livello 10|＠|＠|Usa la ricompensa dal|livello "Pazzi per i Gatti"|EVOLUZIONE al livello 20|＠|＠|＠|＠
Dal livello evento|Il panzer matto|＠|EVOLUZIONE al livello 10|＠|＠|Usa la ricompensa dal|livello "Pazzi per i panzer"|EVOLUZIONE al livello 20|＠|＠|＠|＠
Dal livello evento|L'ascia matta|＠|EVOLUZIONE al livello 10|＠|＠|Usa la ricompensa dal|livello "Pazzi per l'ascia"|EVOLUZIONE al livello 20|＠|＠|＠|＠
Dal livello evento|L'alto matto|＠|EVOLUZIONE al livello 10|＠|＠|Usa la ricompensa dal|livello "Pazzi per gli alti"|EVOLUZIONE al livello 20|＠|＠|＠|＠
Dal livello evento|La mucca matta|＠|EVOLUZIONE al livello 10|＠|＠|Usa la ricompensa dal|livello "Pazzi per la mucca"|EVOLUZIONE al livello 20|＠|＠|＠|＠
Dal livello evento|L'uccello matto|＠|EVOLUZIONE al livello 10|＠|＠|Usa la ricompensa dal|livello "Pazzi per le ali"|EVOLUZIONE al livello 20|＠|＠|＠|＠
Dal livello evento|Il pesce matto|＠|EVOLUZIONE al livello 10|＠|＠|Usa la ricompensa dal|livello "Pazzi per il pesce"|EVOLUZIONE al livello 20|＠|＠|＠|＠
Dal livello evento|La lucertola matta|＠|EVOLUZIONE al livello 10|＠|＠|Usa la ricompensa dal|livello "Pazzi per le scaglie"|EVOLUZIONE al livello 20|＠|＠|＠|＠
Dal livello evento|Il Titano matto|＠|EVOLUZIONE al livello 10|＠|＠|Usa la ricompensa dal|livello "Pazzi per il Titano"|EVOLUZIONE al livello 20|＠|＠|＠|＠
Dal livello evento mensile|Professore! È primavera!|＠|EVOLUZIONE al livello 10|＠|＠|Dal livello evento Risveglio|Arriva Lady!|EVOLUZIONE al livello 20|＠|＠|＠|＠
Raccogli da evento collab.|＠|＠|EVOLUZIONE al livello 10|＠|＠|＠|＠|＠|＠|＠|＠|＠
Raccogli da evento collab.|＠|＠|EVOLUZIONE al livello 10|＠|＠|＠|＠|＠|＠|＠|＠|＠
Raccogli da evento collab.|＠|＠|EVOLUZIONE al livello 10|＠|＠|Raccogli da evento collab.|Arriva Gatto cabaret!|EVOLUZIONE al livello 20|＠|＠|＠|＠
Dal livello evento mensile|L'amore è un malore|＠|EVOLUZIONE al livello 10|＠|＠|Dal livello evento Risveglio|livello Arriva Koi!|EVOLUZIONE al livello 20|＠|＠|＠|＠
Dall'evento capsule rare|Ragazze galattiche Cyberaccademia|＠|EVOLUZIONE al livello 10|＠|＠|Quando raggiungi il livello 30, usa|XP e miagrume per evolvere.|＠|＠|＠|＠|＠
Dall'evento capsule rare|Ragazze galattiche Cyberaccademia|＠|EVOLUZIONE al livello 10|＠|＠|Quando raggiungi il livello 30, usa|XP e miagrume per evolvere.|＠|＠|＠|＠|＠
Dall'evento capsule rare|Ragazze galattiche Cyberaccademia|＠|EVOLUZIONE al livello 10|＠|＠|Quando raggiungi il livello 30, usa|XP e miagrume per evolvere.|＠|＠|＠|＠|＠
Ottieni come regalo speciale|＠|＠|EVOLUZIONE al livello 10|＠|＠|＠|＠|＠|＠|＠|＠|＠
Dal livello evento mensile|La sposa proibita|＠|EVOLUZIONE al livello 10|＠|＠|Dal livello evento Risveglio|livello Arriva Sposa!|EVOLUZIONE al livello 20|＠|＠|＠|＠
Raccogli da evento collab.|＠|＠|EVOLUZIONE al livello 10|＠|＠|＠|＠|＠|＠|＠|＠|＠
Raccogli da evento collab.|＠|＠|EVOLUZIONE al livello 10|＠|＠|Quando raggiungi il livello 30, usa|XP e miagrume per evolvere.|＠|＠|＠|＠|＠
Raccogli da evento collab.|＠|＠|EVOLUZIONE al livello 10|＠|＠|＠|＠|＠|＠|＠|＠|＠
Raccogli da evento collab.|＠|＠|EVOLUZIONE al livello 10|＠|＠|＠|＠|＠|＠|＠|＠|＠
Raccogli da evento collab.|＠|＠|EVOLUZIONE al livello 10|＠|＠|＠|＠|＠|＠|＠|＠|＠
Raccogli da evento collab.|＠|＠|EVOLUZIONE al livello 10|＠|＠|＠|＠|＠|＠|＠|＠|＠
Raccogli da evento collab.|＠|＠|EVOLUZIONE al livello 10|＠|＠|＠|＠|＠|＠|＠|＠|＠
Raccogli da evento collab.|＠|＠|EVOLUZIONE al livello 10|＠|＠|＠|＠|＠|＠|＠|＠|＠
Raccogli da evento collab.|＠|＠|EVOLUZIONE al livello 10|＠|＠|＠|＠|＠|＠|＠|＠|＠
Raccogli da evento collab.|＠|＠|EVOLUZIONE al livello 10|＠|＠|Quando raggiungi il livello 30, usa|XP e miagrume per evolvere.|＠|＠|＠|＠|＠
Raccogli da evento collab.|＠|＠|EVOLUZIONE al livello 10|＠|＠|Raccogli da evento collab.|Healer Awakens!|EVOLUZIONE al livello 20|＠|＠|＠|＠
Raccogli da evento collab.|＠|＠|EVOLUZIONE al livello 10|＠|＠|Raccogli da evento collab.|Merc Awakens!|EVOLUZIONE al livello 20|＠|＠|＠|＠
Dal livello evento mensile|Estate mai!|＠|EVOLUZIONE al livello 10|＠|＠|Dal livello evento Risveglio|Vacanze finite|EVOLUZIONE al livello 20|＠|＠|＠|＠
Appare dopo Impero Cap. I: Grecia|＠|＠|EVOLUZIONE al livello 10|＠|＠|Quando raggiungi il livello 30, usa|usa XP, miagrume, pietre B. per evolvere.|＠|＠|＠|＠|＠
Dall'evento capsule rare|Dèi della guerra: Vajiras|＠|EVOLUZIONE al livello 10|＠|＠|Quando raggiungi il livello 30, usa|XP e miagrume per evolvere.|＠|＠|＠|＠|＠
Dall'evento capsule rare|Dèi della guerra: Vajiras|＠|EVOLUZIONE al livello 10|＠|＠|Quando raggiungi il livello 30, usa|XP e miagrume per evolvere.|＠|＠|＠|＠|＠
Dal livello evento|Ira del paradiso|＠|EVOLUZIONE al livello 10|＠|＠|Dal livello evento|Ira del Divino|EVOLUZIONE al livello 20|＠|＠|＠|＠
？？？|＠|＠|EVOLUZIONE al livello 10|＠|＠|？？？|＠|＠|＠|＠|＠|＠
Dal livello evento mensile|Ospiti Spettrali|＠|EVOLUZIONE al livello 10|＠|＠|Dal livello evento Risveglio|Arriva Vendetta!|EVOLUZIONE al livello 20|＠|＠|＠|＠
Raccogli da capsule rare limitate|＠|＠|EVOLUZIONE al livello 10|＠|＠|Quando raggiungi il livello 30, usa|XP e miagrume per evolvere.|＠|＠|＠|＠|＠
Ricompensa per il livello superato|nelle Saghe leggendarie|Tunnel d'evasione|EVOLUZIONE al livello 10|＠|＠|？？？|＠|＠|＠|＠|＠|＠
Raccogli da capsule rare limitate|＠|＠|EVOLUZIONE al livello 10|＠|＠|＠|＠|＠|＠|＠|＠|＠
Dal livello evento mensile|Vegliardi in città|＠|EVOLUZIONE al livello 10|＠|＠|Dal livello evento Risveglio|Arriva Kung Fu X!|EVOLUZIONE al livello 20|＠|＠|＠|＠
Raccogli da evento collab.|＠|＠|EVOLUZIONE al livello 10|＠|＠|Raccogli da evento collab.|＠|EVOLUZIONE al livello 20|＠|＠|＠|＠
Dall'evento capsule rare|Eroi antichi: Ultra spiriti|＠|EVOLUZIONE al livello 10|＠|＠|Quando raggiungi il livello 30, usa|XP e miagrume per evolvere.|＠|＠|＠|＠|＠
Dall'evento capsule rare|Eroi antichi: Ultra spiriti|＠|EVOLUZIONE al livello 10|＠|＠|Quando raggiungi il livello 30, usa|XP e miagrume per evolvere.|＠|Dopo aver raggiunto la Forma Reale e il liv. 60|Miagrume, pietre Behemoth per evolvere.|＠|＠
Dall'evento capsule rare|Eroi antichi: Ultra spiriti|＠|EVOLUZIONE al livello 10|＠|＠|Quando raggiungi il livello 30, usa|XP e miagrume per evolvere.|＠|＠|＠|＠|＠
Dall'evento capsule rare|Eroi antichi: Ultra spiriti|＠|EVOLUZIONE al livello 10|＠|＠|Quando raggiungi il livello 30, usa|XP e miagrume per evolvere.|＠|＠|＠|＠|＠
Dall'evento capsule rare|Eroi antichi: Ultra spiriti|＠|EVOLUZIONE al livello 10|＠|＠|Quando raggiungi il livello 30, usa|XP e miagrume per evolvere.|＠|Dopo aver raggiunto la Forma Reale e il liv. 60|Miagrume, pietre Behemoth per evolvere.|＠|＠
＠|＠|＠|EVOLUZIONE al livello 10|＠|＠|Dal livello evento Risveglio|＠|EVOLUZIONE al livello 20|＠|＠|＠|＠
Ottieni come regalo speciale|＠|＠|EVOLUZIONE al livello 10|＠|＠|＠|＠|＠|＠|＠|＠|＠
Raccogli dall'evento limitato|＠|＠|EVOLUZIONE al livello 10|＠|＠|＠|＠|＠|＠|＠|＠|＠
Ottieni come regalo speciale|＠|＠|EVOLUZIONE al livello 10|＠|＠|＠|＠|＠|＠|＠|＠|＠
Dall'evento capsule rare|Le Dinamiti|＠|EVOLUZIONE al livello 10|＠|＠|Quando raggiungi il livello 30, usa|XP e miagrume per evolvere.|＠|＠|＠|＠|＠
Raccogli da capsule rare limitate|＠|＠|EVOLUZIONE al livello 10|＠|＠|Quando raggiungi il livello 30, usa|XP e miagrume per evolvere.|＠|＠|＠|＠|＠
Raccogli da capsule rare!|＠|＠|EVOLUZIONE al livello 10|＠|＠|Quando raggiungi il livello 30, usa|XP e miagrume per evolvere.|＠|＠|＠|＠|＠
Raccogli da capsule rare!|＠|＠|EVOLUZIONE al livello 10|＠|＠|Quando raggiungi il livello 30, usa|XP e miagrume per evolvere.|＠|＠|＠|＠|＠
Raccogli da capsule rare!|＠|＠|EVOLUZIONE al livello 10|＠|＠|Quando raggiungi il livello 30, usa|XP e miagrume per evolvere.|＠|＠|＠|＠|＠
Raccogli da capsule rare!|＠|＠|EVOLUZIONE al livello 10|＠|＠|Quando raggiungi il livello 30, usa|XP e miagrume per evolvere.|＠|＠|＠|＠|＠
Raccogli da capsule rare!|＠|＠|EVOLUZIONE al livello 10|＠|＠|Quando raggiungi il livello 30, usa|XP e miagrume per evolvere.|＠|＠|＠|＠|＠
Raccogli da capsule rare!|＠|＠|EVOLUZIONE al livello 10|＠|＠|Quando raggiungi il livello 30, usa|XP e miagrume per evolvere.|＠|＠|＠|＠|＠
Raccogli da capsule rare!|＠|＠|EVOLUZIONE al livello 10|＠|＠|Quando raggiungi il livello 30, usa|XP e miagrume per evolvere.|＠|＠|＠|＠|＠
Raccogli da capsule rare!|＠|＠|EVOLUZIONE al livello 10|＠|＠|Quando raggiungi il livello 30, usa|XP e miagrume per evolvere.|＠|＠|＠|＠|＠
Raccogli da capsule rare!|＠|＠|EVOLUZIONE al livello 10|＠|＠|Quando raggiungi il livello 30, usa|XP e miagrume per evolvere.|＠|＠|＠|＠|＠
Dal livello evento|Dolce ironia|＠|EVOLUZIONE al livello 10|＠|＠|Dal livello evento|Amara ironia|EVOLUZIONE al livello 20|＠|＠|＠|＠
＠|＠|＠|EVOLUZIONE al livello 10|＠|＠|＠|＠|＠|＠|＠|＠|＠
Raccogli da evento collab.|＠|＠|EVOLUZIONE al livello 10|＠|＠|＠|＠|＠|＠|＠|＠|＠
Raccogli da evento collab.|＠|＠|EVOLUZIONE al livello 10|＠|＠|＠|＠|＠|＠|＠|＠|＠
Dall'evento capsule rare|Dèi della guerra: Vajiras|＠|EVOLUZIONE al livello 10|＠|＠|Quando raggiungi il livello 30, usa|XP e miagrume per evolvere.|＠|Dopo aver raggiunto la Forma Reale e il liv. 60|Miagrume, pietre Behemoth per evolvere.|＠|＠
Dall'evento capsule rare|Ragazze galattiche Cyberaccademia|＠|EVOLUZIONE al livello 10|＠|＠|Quando raggiungi il livello 30, usa|XP e miagrume per evolvere.|＠|＠|＠|＠|＠
Raccogli da evento collab.|＠|＠|EVOLUZIONE al livello 10|＠|＠|Quando raggiungi il livello 30, usa|XP e miagrume per evolvere.|＠|＠|＠|＠|＠
Raccogli da evento collab.|＠|＠|EVOLUZIONE al livello 10|＠|＠|Quando raggiungi il livello 30, usa|XP e miagrume per evolvere.|＠|＠|＠|＠|＠
Ottieni come regalo speciale|＠|＠|EVOLUZIONE al livello 10|＠|＠|＠|＠|＠|＠|＠|＠|＠
Ottieni come regalo speciale|＠|＠|EVOLUZIONE al livello 10|＠|＠|＠|＠|＠|＠|＠|＠|＠
Ottieni come regalo speciale|＠|＠|EVOLUZIONE al livello 10|＠|＠|＠|＠|＠|＠|＠|＠|＠
Ottieni come regalo speciale|＠|＠|EVOLUZIONE al livello 10|＠|＠|＠|＠|＠|＠|＠|＠|＠
Ottieni come regalo speciale|＠|＠|EVOLUZIONE al livello 10|＠|＠|＠|＠|＠|＠|＠|＠|＠
Raccogli da evento collab.|＠|＠|EVOLUZIONE al livello 10|＠|＠|＠|＠|＠|＠|＠|＠|＠
Dall'evento capsule rare|I racconti di Nekoluga|＠|EVOLUZIONE al livello 10|＠|＠|Quando raggiungi il livello 30, usa|XP e miagrume per evolvere.|＠|＠|＠|＠|＠
Dall'evento capsule rare|I racconti di Nekoluga|＠|EVOLUZIONE al livello 10|＠|＠|Quando raggiungi il livello 30, usa|XP e miagrume per evolvere.|＠|＠|＠|＠|＠
Dall'evento capsule rare|I racconti di Nekoluga|＠|EVOLUZIONE al livello 10|＠|＠|Quando raggiungi il livello 30, usa|XP e miagrume per evolvere.|＠|＠|＠|＠|＠
Dall'evento capsule rare|I racconti di Nekoluga|＠|EVOLUZIONE al livello 10|＠|＠|Quando raggiungi il livello 30, usa|XP e miagrume per evolvere.|＠|＠|＠|＠|＠
Ricompensa per il livello superato|da Saghe leggendarie|Notte senza futuro|EVOLUZIONE al livello 10|＠|＠|？？？|＠|＠|＠|＠|＠|＠
Raccogli da evento collab.|＠|＠|EVOLUZIONE al livello 10|＠|＠|Quando raggiungi il livello 30, usa|XP e miagrume per evolvere.|＠|＠|＠|＠|＠
Raccogli da evento collab.|＠|＠|EVOLUZIONE al livello 10|＠|＠|Quando raggiungi il livello 30, usa|XP e miagrume per evolvere.|＠|＠|＠|＠|＠
Raccogli da evento collab.|＠|＠|EVOLUZIONE al livello 10|＠|＠|＠|＠|＠|＠|＠|＠|＠
Raccogli dal livello evento limitato|Guerra a San Valentino|＠|EVOLUZIONE al livello 10|＠|＠|＠|＠|＠|＠|＠|＠|＠
Dall'evento capsule rare|Signori della distruzione: Dragoni Imperatori|＠|EVOLUZIONE al livello 10|＠|＠|Quando raggiungi il livello 30, usa|XP e miagrume per evolvere.|＠|Dopo aver raggiunto la Forma Reale e il liv. 60|usa XP, miagrume, pietre B. per evolvere.|＠|＠
Ottieni come regalo speciale|＠|＠|EVOLUZIONE al livello 10|＠|＠|＠|＠|＠|＠|＠|＠|＠
Raccogli da evento collab.|Annihilated City|＠|EVOLUZIONE al livello 10|＠|＠|Raccogli da evento collab.|Takuya & Yuki Awaken|EVOLUZIONE al livello 20|＠|＠|＠|＠
Raccogli da evento collab.|＠|＠|EVOLUZIONE al livello 10|＠|＠|Quando raggiungi il livello 30, usa|XP e miagrume per evolvere.|＠|＠|＠|＠|＠
Raccogli da evento collab.|＠|＠|EVOLUZIONE al livello 10|＠|＠|＠|＠|＠|＠|＠|＠|＠
Ottieni come regalo speciale|＠|＠|EVOLUZIONE al livello 10|＠|＠|＠|＠|＠|＠|＠|＠|＠
Raccogli dal livello evento limitato|The Battle Cats POP!|＠|EVOLUZIONE al livello 10|＠|＠|Dal livello evento Risveglio|Arriva Gatto Kart!|EVOLUZIONE al livello 20|＠|＠|＠|＠
Raccogli dall'evento limitato|＠|＠|EVOLUZIONE al livello 10|＠|＠|＠|＠|＠|＠|＠|＠|＠
Raccogli da evento collab.|＠|＠|EVOLUZIONE al livello 10|＠|＠|Quando raggiungi il livello 30, usa|XP e miagrume per evolvere.|＠|＠|＠|＠|＠
Raccogli da evento collab.|＠|＠|EVOLUZIONE al livello 10|＠|＠|＠|＠|＠|＠|＠|＠|＠
Raccogli da evento collab.|＠|＠|EVOLUZIONE al livello 10|＠|＠|Quando raggiungi il livello 30, usa|XP e miagrume per evolvere.|＠|＠|＠|＠|＠
Raccogli da evento collab.|＠|＠|EVOLUZIONE al livello 10|＠|＠|Quando raggiungi il livello 30, usa|XP e miagrume per evolvere.|＠|＠|＠|＠|＠
Raccogli da evento collab.|＠|＠|EVOLUZIONE al livello 10|＠|＠|＠|＠|＠|＠|＠|＠|＠
Raccogli da evento collab.|＠|＠|EVOLUZIONE al livello 10|＠|＠|＠|＠|＠|＠|＠|＠|＠
Raccogli da evento collab.|＠|＠|EVOLUZIONE al livello 10|＠|＠|Raccogli da evento collab.|Titi Awakens!|EVOLUZIONE al livello 20|＠|＠|＠|＠
Ottieni come regalo speciale|＠|＠|EVOLUZIONE al livello 10|＠|＠|＠|＠|＠|＠|＠|＠|＠
Ottieni come regalo speciale|＠|＠|EVOLUZIONE al livello 10|＠|＠|＠|＠|＠|＠|＠|＠|＠
Dall'evento capsule rare|La giustizia risponde: Eroi Oscuri|＠|EVOLUZIONE al livello 10|＠|＠|Quando raggiungi il livello 30, usa|XP e miagrume per evolvere.|＠|＠|＠|＠|＠
Dall'evento capsule rare|La giustizia risponde: Eroi Oscuri|＠|EVOLUZIONE al livello 10|＠|＠|Quando raggiungi il livello 30, usa|XP e miagrume per evolvere.|＠|＠|＠|＠|＠
Dall'evento capsule rare|La giustizia risponde: Eroi Oscuri|＠|EVOLUZIONE al livello 10|＠|＠|Quando raggiungi il livello 30, usa|XP e miagrume per evolvere.|＠|＠|＠|＠|＠
Raccogli da capsule rare!|＠|＠|EVOLUZIONE al livello 10|＠|＠|Quando raggiungi il livello 30, usa|XP e miagrume per evolvere.|＠|＠|＠|＠|＠
Raccogli da capsule rare!|＠|＠|EVOLUZIONE al livello 10|＠|＠|Quando raggiungi il livello 30, usa|XP e miagrume per evolvere.|＠|＠|＠|＠|＠
Raccogli da capsule rare!|＠|＠|EVOLUZIONE al livello 10|＠|＠|Quando raggiungi il livello 30, usa|XP e miagrume per evolvere.|＠|＠|＠|＠|＠
Raccogli da capsule rare limitate|＠|＠|EVOLUZIONE al livello 10|＠|＠|＠|＠|＠|＠|＠|＠|＠
Dal livello evento|Dimensione disperata|＠|EVOLUZIONE al livello 10|＠|＠|Dal livello evento|Dimensione delirante|EVOLUZIONE al livello 20|＠|＠|＠|＠
Raccogli dall'evento limitato|＠|＠|EVOLUZIONE al livello 10|＠|＠|＠|＠|＠|＠|＠|＠|＠
Dall'evento capsule rare|Eroi antichi: Ultra spiriti|＠|EVOLUZIONE al livello 10|＠|＠|Quando raggiungi il livello 30, usa|XP e miagrume per evolvere.|＠|＠|＠|＠|＠
Raccogli da evento collab.|＠|＠|EVOLUZIONE al livello 10|＠|＠|＠|＠|＠|＠|＠|＠|＠
Raccogli da evento collab.|＠|＠|EVOLUZIONE al livello 10|＠|＠|＠|＠|＠|＠|＠|＠|＠
Raccogli da evento collab.|＠|＠|EVOLUZIONE al livello 10|＠|＠|＠|＠|＠|＠|＠|＠|＠
Raccogli da evento collab.|＠|＠|EVOLUZIONE al livello 10|＠|＠|＠|＠|＠|＠|＠|＠|＠
Raccogli da evento collab.|＠|＠|EVOLUZIONE al livello 10|＠|＠|＠|＠|＠|＠|＠|＠|＠
Raccogli dall'evento limitato|＠|＠|EVOLUZIONE al livello 10|＠|＠|Dal livello evento Risveglio|Arriva Mini Gatto!|EVOLUZIONE al livello 20|＠|＠|＠|＠
Raccogli dall'evento limitato|＠|＠|EVOLUZIONE al livello 10|＠|＠|Dal livello evento Risveglio|Arriva Mini Panzer!|EVOLUZIONE al livello 20|＠|＠|＠|＠
Raccogli dall'evento limitato|＠|＠|EVOLUZIONE al livello 10|＠|＠|Dal livello evento Risveglio|Arriva Mini Ascia!|EVOLUZIONE al livello 20|＠|＠|＠|＠
Dall'evento capsule rare|La giustizia risponde: Eroi Oscuri|＠|EVOLUZIONE al livello 10|＠|＠|Quando raggiungi il livello 30, usa|XP e miagrume per evolvere.|＠|Dopo aver raggiunto la Forma Reale e il liv. 60|Miagrume, pietre Behemoth per evolvere.|＠|＠
Raccogli dall'evento limitato|＠|＠|EVOLUZIONE al livello 10|＠|＠|Quando raggiungi il livello 30, usa|XP e miagrume per evolvere.|＠|＠|＠|＠|＠
Raccogli da evento collab.|＠|＠|EVOLUZIONE al livello 10|＠|＠|＠|＠|＠|＠|＠|＠|＠
Raccogli da evento collab.|＠|＠|EVOLUZIONE al livello 10|＠|＠|＠|＠|＠|＠|＠|＠|＠
Raccogli da evento collab.|＠|＠|EVOLUZIONE al livello 10|＠|＠|＠|＠|＠|＠|＠|＠|＠
Raccogli da evento collab.|＠|＠|EVOLUZIONE al livello 10|＠|＠|＠|＠|＠|＠|＠|＠|＠
Raccogli da evento collab.|＠|＠|EVOLUZIONE al livello 10|＠|＠|＠|＠|＠|＠|＠|＠|＠
Raccogli da evento collab.|＠|＠|EVOLUZIONE al livello 10|＠|＠|＠|＠|＠|＠|＠|＠|＠
Raccogli da evento collab.|＠|＠|EVOLUZIONE al livello 10|＠|＠|＠|＠|＠|＠|＠|＠|＠
Raccogli da evento collab.|＠|＠|EVOLUZIONE al livello 10|＠|＠|＠|＠|＠|＠|＠|＠|＠
Raccogli da evento collab.|＠|＠|EVOLUZIONE al livello 10|＠|＠|Quando raggiungi il livello 30, usa|Miagrume, pietre Behemoth per evolvere.|＠|＠|＠|＠|＠
Raccogli da evento collab.|＠|＠|EVOLUZIONE al livello 10|＠|＠|Quando raggiungi il livello 30, usa|XP e miagrume per evolvere.|＠|＠|＠|＠|＠
Raccogli da evento collab.|＠|＠|EVOLUZIONE al livello 10|＠|＠|Quando raggiungi il livello 30, usa|Miagrume, pietre Behemoth per evolvere.|＠|＠|＠|＠|＠
Raccogli da evento collab.|＠|＠|EVOLUZIONE al livello 10|＠|＠|Quando raggiungi il livello 30, usa|XP e miagrume per evolvere.|＠|＠|＠|＠|＠
Dall'evento capsule rare|La giustizia risponde: Eroi Oscuri|＠|EVOLUZIONE al livello 10|＠|＠|Quando raggiungi il livello 30, usa|XP e miagrume per evolvere.|＠|＠|＠|＠|＠
Raccogli dal livello evento limitato|Arriva Halloween|＠|EVOLUZIONE al livello 10|＠|＠|Quando raggiungi il livello 30, usa|XP e pietre Behemoth per evolvere.|＠|＠|＠|＠|＠
Dall'evento capsule rare|Fiera di Halloween|＠|EVOLUZIONE al livello 10|＠|＠|Quando raggiungi il livello 30, usa|XP e miagrume per evolvere.|＠|＠|＠|＠|＠
Dall'evento capsule rare|Fiera di Halloween|＠|EVOLUZIONE al livello 10|＠|＠|＠|＠|＠|＠|＠|＠|＠
Dall'evento capsule rare|Fiera di Halloween|＠|EVOLUZIONE al livello 10|＠|＠|＠|＠|＠|＠|＠|＠|＠
Raccogli da evento collab.|＠|＠|EVOLUZIONE al livello 10|＠|＠|＠|＠|＠|＠|＠|＠|＠
Raccogli da evento collab.|＠|＠|EVOLUZIONE al livello 10|＠|＠|＠|＠|＠|＠|＠|＠|＠
Raccogli da evento collab.|＠|＠|EVOLUZIONE al livello 10|＠|＠|＠|＠|＠|＠|＠|＠|＠
Raccogli da evento collab.|＠|＠|EVOLUZIONE al livello 10|＠|＠|＠|＠|＠|＠|＠|＠|＠
Raccogli da evento collab.|＠|＠|EVOLUZIONE al livello 10|＠|＠|＠|＠|＠|＠|＠|＠|＠
Raccogli da evento collab.|＠|＠|EVOLUZIONE al livello 10|＠|＠|＠|＠|＠|＠|＠|＠|＠
Raccogli da capsule rare limitate|＠|＠|EVOLUZIONE al livello 10|＠|＠|Quando raggiungi il livello 30, usa|XP e miagrume per evolvere.|＠|＠|＠|＠|＠
Raccogli da capsule rare limitate|＠|＠|EVOLUZIONE al livello 10|＠|＠|Quando raggiungi il livello 30, usa|XP e miagrume per evolvere.|＠|＠|＠|＠|＠
Raccogli da capsule rare limitate|＠|＠|EVOLUZIONE al livello 10|＠|＠|Quando raggiungi il livello 30, usa|XP e miagrume per evolvere.|＠|＠|＠|＠|＠
Dall'evento capsule rare|I racconti di Nekoluga|＠|EVOLUZIONE al livello 10|＠|＠|Quando raggiungi il livello 30, usa|XP e miagrume per evolvere.|＠|＠|＠|＠|＠
Dall'evento capsule rare|Ragazze natalizie|＠|EVOLUZIONE al livello 10|＠|＠|Quando raggiungi il livello 30, usa|XP e miagrume per evolvere.|＠|＠|＠|＠|＠
Dall'evento capsule rare|Ragazze natalizie|＠|EVOLUZIONE al livello 10|＠|＠|＠|＠|＠|＠|＠|＠|＠
Dall'evento capsule rare|Ragazze natalizie|＠|EVOLUZIONE al livello 10|＠|＠|＠|＠|＠|＠|＠|＠|＠
Raccogli dal livello evento limitato|Buon S. Nicola|＠|EVOLUZIONE al livello 10|＠|＠|＠|＠|＠|＠|＠|＠|＠
Raccogli dall'evento limitato|＠|＠|EVOLUZIONE al livello 10|＠|＠|Dal livello evento Risveglio|Arriva Mini Alto!|EVOLUZIONE al livello 20|＠|＠|＠|＠
Raccogli dall'evento limitato|＠|＠|EVOLUZIONE al livello 10|＠|＠|Dal livello evento Risveglio|Arriva Mini Mucca!|EVOLUZIONE al livello 20|＠|＠|＠|＠
Raccogli dall'evento limitato|＠|＠|EVOLUZIONE al livello 10|＠|＠|Dal livello evento Risveglio|Arriva Mini Uccello!|EVOLUZIONE al livello 20|＠|＠|＠|＠
Raccogli dall'evento limitato|＠|＠|EVOLUZIONE al livello 10|＠|＠|Quando raggiungi il livello 30, usa|XP e miagrume per evolvere.|＠|＠|＠|＠|＠
Raccogli da evento collab.|Castles + Dragons|＠|EVOLUZIONE al livello 10|＠|＠|Raccogli da evento collab.|from "Castles + Dragons" Collab.|EVOLUZIONE al livello 20|＠|＠|＠|＠
Raccogli da evento collab.|Castles + Dragons|＠|EVOLUZIONE al livello 10|＠|＠|Raccogli da evento collab.|from "Castles + Dragons" Collab.|EVOLUZIONE al livello 20|＠|＠|＠|＠
Raccogli da evento collab.|Castles + Dragons|＠|EVOLUZIONE al livello 10|＠|＠|Raccogli da evento collab.|from "Castles + Dragons" Collab.|EVOLUZIONE al livello 20|＠|＠|＠|＠
Raccogli da evento collab.|Castles + Dragons|＠|EVOLUZIONE al livello 10|＠|＠|Raccogli da evento collab.|from "Castles + Dragons" Collab.|EVOLUZIONE al livello 20|＠|＠|＠|＠
Raccogli da evento collab.|Castles + Dragons|＠|EVOLUZIONE al livello 10|＠|＠|Raccogli da evento collab.|from "Castles + Dragons" Collab.|EVOLUZIONE al livello 20|＠|＠|＠|＠
Raccogli da evento collab.|Castles + Dragons|＠|EVOLUZIONE al livello 10|＠|＠|Raccogli da evento collab.|from "Castles + Dragons" Collab.|EVOLUZIONE al livello 20|＠|＠|＠|＠
Raccogli da evento collab.|Castles + Dragons|＠|EVOLUZIONE al livello 10|＠|＠|Raccogli da evento collab.|from "Castles + Dragons" Collab.|EVOLUZIONE al livello 20|＠|＠|＠|＠
Raccogli da evento collab.|＠|＠|EVOLUZIONE al livello 10|＠|＠|Raccogli da evento collab.|from "Castles + Dragons" Collab.|EVOLUZIONE al livello 20|＠|＠|＠|＠
Dall'evento capsule rare|Gli Onnipotenti: il Divino Zeus|＠|EVOLUZIONE al livello 10|＠|＠|Quando raggiungi il livello 30, usa|XP e miagrume per evolvere.|＠|＠|＠|＠|＠
Dall'evento capsule rare|Gli Onnipotenti: il Divino Zeus|＠|EVOLUZIONE al livello 10|＠|＠|Quando raggiungi il livello 30, usa|XP e miagrume per evolvere.|＠|＠|＠|＠|＠
Dall'evento capsule rare|Gli Onnipotenti: il Divino Zeus|＠|EVOLUZIONE al livello 10|＠|＠|Quando raggiungi il livello 30, usa|XP e miagrume per evolvere.|＠|＠|＠|＠|＠
Dal livello evento|Clionel Ascendente|＠|EVOLUZIONE al livello 10|＠|＠|Dal livello evento|Clionel Dominante|EVOLUZIONE al livello 20|＠|＠|＠|＠
Dall'evento capsule rare|La giustizia risponde: Eroi Oscuri|＠|EVOLUZIONE al livello 10|＠|＠|Quando raggiungi il livello 30, usa|XP e miagrume per evolvere.|＠|＠|＠|＠|＠
Raccogli da evento collab.|＠|＠|EVOLUZIONE al livello 10|＠|＠|＠|＠|＠|＠|＠|＠|＠
Raccogli da evento collab.|＠|＠|EVOLUZIONE al livello 10|＠|＠|＠|＠|＠|＠|＠|＠|＠
Raccogli da evento collab.|＠|＠|EVOLUZIONE al livello 10|＠|＠|＠|＠|＠|＠|＠|＠|＠
Raccogli da evento collab.|＠|＠|EVOLUZIONE al livello 10|＠|＠|＠|＠|＠|＠|＠|＠|＠
Raccogli da evento collab.|＠|＠|EVOLUZIONE al livello 10|＠|＠|＠|＠|＠|＠|＠|＠|＠
Dal livello evento|Rosso di mattina|＠|EVOLUZIONE al livello 10|＠|＠|Dal livello evento|Rosso di sera|EVOLUZIONE al livello 20|＠|＠|＠|＠
Ricompensa per il livello superato|da Saghe leggendarie|Tunnel d'evasione|EVOLUZIONE al livello 10|＠|＠|？？？|＠|＠|＠|＠|＠|＠
Dall'evento capsule rare|FESTIVAL ULTRA|＠|EVOLUZIONE al livello 10|＠|＠|＠|＠|＠|＠|＠|＠|＠
Raccogli da evento collab.|＠|＠|EVOLUZIONE al livello 10|＠|＠|Quando raggiungi il livello 30, usa|XP e miagrume per evolvere.|＠|＠|＠|＠|＠
Dall'evento capsule rare|Gli Onnipotenti: il Divino Zeus|＠|EVOLUZIONE al livello 10|＠|＠|Quando raggiungi il livello 30, usa|XP e miagrume per evolvere.|＠|＠|＠|＠|＠
Dall'evento capsule rare|Gli Onnipotenti: il Divino Zeus|＠|EVOLUZIONE al livello 10|＠|＠|Quando raggiungi il livello 30, usa|XP e miagrume per evolvere.|＠|＠|＠|＠|＠
Dal livello evento|Morti rotolanti|＠|EVOLUZIONE al livello 10|＠|＠|Dal livello evento|I morti ritornano|EVOLUZIONE al livello 20|＠|＠|＠|＠
Dall'evento capsule rare|Ragazze estive|＠|EVOLUZIONE al livello 10|＠|＠|＠|＠|＠|＠|＠|＠|＠
Dall'evento capsule rare|Ragazze estive|＠|EVOLUZIONE al livello 10|＠|＠|Quando raggiungi il livello 30, usa|XP e miagrume per evolvere.|＠|＠|＠|＠|＠
Dall'evento capsule rare|Ragazze estive|＠|EVOLUZIONE al livello 10|＠|＠|Quando raggiungi il livello 30, usa|XP e miagrume per evolvere.|＠|＠|＠|＠|＠
Raccogli da evento collab.|＠|＠|EVOLUZIONE al livello 10|＠|＠|＠|＠|＠|＠|＠|＠|＠
Raccogli da evento collab.|＠|＠|EVOLUZIONE al livello 10|＠|＠|＠|＠|＠|＠|＠|＠|＠
Raccogli da evento collab.|＠|＠|EVOLUZIONE al livello 10|＠|＠|＠|＠|＠|＠|＠|＠|＠
Raccogli da evento collab.|＠|＠|EVOLUZIONE al livello 10|＠|＠|＠|＠|＠|＠|＠|＠|＠
Raccogli da evento collab.|＠|＠|EVOLUZIONE al livello 10|＠|＠|＠|＠|＠|＠|＠|＠|＠
Raccogli dal livello evento limitato|Diario estivo|＠|EVOLUZIONE al livello 10|＠|＠|Quando raggiungi il livello 30, usa|XP e pietre Behemoth per evolvere.|＠|＠|＠|＠|＠
Dall'evento capsule rare|Antirossi|＠|EVOLUZIONE al livello 10|＠|＠|Quando raggiungi il livello 30, usa|XP e miagrume per evolvere.|＠|＠|＠|＠|＠
Raccogli dal livello evento limitato|Fiume Stige|＠|EVOLUZIONE al livello 10|＠|＠|Dal livello evento|Fiume Acheronte|EVOLUZIONE al livello 20|＠|＠|＠|＠
Ottieni come regalo speciale|＠|＠|EVOLUZIONE al livello 10|＠|＠|＠|＠|＠|＠|＠|＠|＠
Dall'evento capsule rare|Antiaerei|＠|EVOLUZIONE al livello 10|＠|＠|Quando raggiungi il livello 30, usa|XP e miagrume per evolvere.|＠|＠|＠|＠|＠
Raccogli dal livello evento limitato|Incoronazione regale|＠|EVOLUZIONE al livello 10|＠|＠|Dal livello evento|Condanna regale|EVOLUZIONE al livello 20|＠|＠|＠|＠
Raccogli da evento collab.|＠|＠|EVOLUZIONE al livello 10|＠|＠|Quando raggiungi il livello 30, usa|XP e miagrume per evolvere.|＠|＠|＠|＠|＠
Raccogli da evento collab.|＠|＠|EVOLUZIONE al livello 10|＠|＠|Quando raggiungi il livello 30, usa|XP e miagrume per evolvere.|＠|＠|＠|＠|＠
Raccogli da evento collab.|＠|＠|EVOLUZIONE al livello 10|＠|＠|＠|＠|＠|＠|＠|＠|＠
Raccogli da evento collab.|＠|＠|EVOLUZIONE al livello 10|＠|＠|＠|＠|＠|＠|＠|＠|＠
Raccogli da evento collab.|＠|＠|EVOLUZIONE al livello 10|＠|＠|＠|＠|＠|＠|＠|＠|＠
Raccogli da evento collab.|＠|＠|EVOLUZIONE al livello 10|＠|＠|＠|＠|＠|＠|＠|＠|＠
Raccogli da evento collab.|＠|＠|EVOLUZIONE al livello 10|＠|＠|＠|＠|＠|＠|＠|＠|＠
Raccogli da evento collab.|＠|＠|EVOLUZIONE al livello 10|＠|＠|＠|＠|＠|＠|＠|＠|＠
Raccogli da evento collab.|＠|＠|EVOLUZIONE al livello 10|＠|＠|＠|＠|＠|＠|＠|＠|＠
Raccogli da evento collab.|＠|＠|EVOLUZIONE al livello 10|＠|＠|＠|＠|＠|＠|＠|＠|＠
Raccogli da evento collab.|＠|＠|EVOLUZIONE al livello 10|＠|＠|＠|＠|＠|＠|＠|＠|＠
Raccogli da evento collab.|Puella Magi Madoka Magica|＠|EVOLUZIONE al livello 10|＠|＠|Raccogli da evento collab.|Walpurgisnacht|EVOLUZIONE al livello 20|＠|＠|＠|＠
Raccogli da evento collab.|＠|＠|EVOLUZIONE al livello 10|＠|＠|Raccogli da evento collab.|Nutcracker Witch|EVOLUZIONE al livello 20|＠|＠|＠|＠
Raccogli da evento collab.|Puella Magi Madoka Magica|＠|EVOLUZIONE al livello 10|＠|＠|＠|＠|＠|＠|＠|＠|＠
Dall'evento capsule rare|Fiera di Halloween|＠|EVOLUZIONE al livello 10|＠|＠|Quando raggiungi il livello 30, usa|XP e miagrume per evolvere.|＠|＠|＠|＠|＠
Raccogli dal livello evento limitato|Festival gourmet|＠|EVOLUZIONE al livello 10|＠|＠|Dal livello evento Risveglio|Arriva lo Street food miao!|EVOLUZIONE al livello 20|＠|＠|＠|＠
Dall'evento capsule rare|Legione di ferro|＠|EVOLUZIONE al livello 10|＠|＠|Quando raggiungi il livello 30, usa|XP e miagrume per evolvere.|＠|Dopo aver raggiunto la Forma Reale e il liv. 60|Miagrume, pietre Behemoth per evolvere.|＠|＠
Dall'evento capsule rare|Legione di ferro|＠|EVOLUZIONE al livello 10|＠|＠|Quando raggiungi il livello 30, usa|XP e miagrume per evolvere.|＠|Dopo aver raggiunto la Forma Reale e il liv. 60|Miagrume, pietre Behemoth per evolvere.|＠|＠
Dall'evento capsule rare|Legione di ferro|＠|EVOLUZIONE al livello 10|＠|＠|Quando raggiungi il livello 30, usa|XP e miagrume per evolvere.|＠|Dopo aver raggiunto la Forma Reale e il liv. 60|Miagrume, pietre Behemoth per evolvere.|＠|＠
Raccogli da capsule rare!|＠|＠|EVOLUZIONE al livello 10|＠|＠|Quando raggiungi il livello 30, usa|XP e miagrume per evolvere.|＠|＠|＠|＠|＠
Raccogli da capsule rare!|＠|＠|EVOLUZIONE al livello 10|＠|＠|Quando raggiungi il livello 30, usa|XP e miagrume per evolvere.|＠|＠|＠|＠|＠
Ottieni come regalo speciale|＠|＠|EVOLUZIONE al livello 10|＠|＠|＠|＠|＠|＠|＠|＠|＠
Dall'evento capsule rare|Ragazze natalizie|＠|EVOLUZIONE al livello 10|＠|＠|Quando raggiungi il livello 30, usa|XP e miagrume per evolvere.|＠|＠|＠|＠|＠
Raccogli dall'evento limitato|＠|＠|EVOLUZIONE al livello 10|＠|＠|Dal livello evento Risveglio|Arriva Mini Pesce!|EVOLUZIONE al livello 20|＠|＠|＠|＠
Raccogli dall'evento limitato|＠|＠|EVOLUZIONE al livello 10|＠|＠|Dal livello evento Risveglio|Arriva Mini Lucertogatto!|EVOLUZIONE al livello 20|＠|＠|＠|＠
Raccogli dall'evento limitato|＠|＠|EVOLUZIONE al livello 10|＠|＠|Dal livello evento Risveglio|Arriva Mini Titano!|EVOLUZIONE al livello 20|＠|＠|＠|＠
Dall'evento capsule rare|evento capsule rare|＠|EVOLUZIONE al livello 10|＠|＠|Quando raggiungi il livello 30, usa|XP e miagrume per evolvere.|＠|＠|＠|＠|＠
Raccogli da evento collab.|Pikotaro|＠|EVOLUZIONE al livello 10|＠|＠|＠|＠|＠|＠|＠|＠|＠
Dall'evento capsule rare|Gli Onnipotenti: il Divino Zeus|＠|EVOLUZIONE al livello 10|＠|＠|Quando raggiungi il livello 30, usa|XP e miagrume per evolvere.|＠|＠|＠|＠|＠
Raccogli da evento collab.|＠|＠|EVOLUZIONE al livello 10|＠|＠|＠|＠|＠|＠|＠|＠|＠
Dall'evento capsule rare|FESTIVAL ULTRA|＠|EVOLUZIONE al livello 10|＠|＠|＠|＠|＠|＠|＠|＠|＠
Raccogli dal livello evento limitato|Orda di Gatti|＠|EVOLUZIONE al livello 10|＠|＠|Quando raggiungi il livello 30, usa|XP e pietre Behemoth per evolvere.|＠|＠|＠|＠|＠
Raccogli da evento collab.|Raccogli da ???|＠|EVOLUZIONE al livello 10|＠|＠|？？？|＠|＠|＠|＠|＠|＠
Raccogli da evento collab.|＠|＠|EVOLUZIONE al livello 10|＠|＠|＠|＠|＠|＠|＠|＠|＠
Dall'evento capsule rare|Eroi antichi: Ultra spiriti|＠|EVOLUZIONE al livello 10|＠|＠|Quando raggiungi il livello 30, usa|XP e miagrume per evolvere.|＠|＠|＠|＠|＠
Ricompensa per il livello superato|da Saghe leggendarie|Tunnel d'evasione|EVOLUZIONE al livello 10|＠|＠|？？？|＠|＠|＠|＠|＠|＠
Raccogli dal livello evento limitato|Debutto da morti|＠|EVOLUZIONE al livello 10|＠|＠|Dal livello evento|Morte da bis|EVOLUZIONE al livello 20|＠|＠|＠|＠
Raccogli da capsule rare!|＠|＠|EVOLUZIONE al livello 10|＠|＠|Quando raggiungi il livello 30, usa|XP e miagrume per evolvere.|＠|＠|＠|＠|＠
Raccogli da evento collab.|＠|＠|EVOLUZIONE al livello 10|＠|＠|＠|＠|＠|＠|＠|＠|＠
Raccogli da evento collab.|＠|＠|EVOLUZIONE al livello 10|＠|＠|＠|＠|＠|＠|＠|＠|＠
Raccogli da evento collab.|＠|＠|EVOLUZIONE al livello 10|＠|＠|＠|＠|＠|＠|＠|＠|＠
Raccogli dal livello evento limitato|Un gatto fa primavera|＠|EVOLUZIONE al livello 10|＠|＠|Dal livello evento|Arriva Gattuovo!|EVOLUZIONE al livello 20|＠|＠|＠|＠
Dall'evento capsule rare|Fiera pasquale|＠|EVOLUZIONE al livello 10|＠|＠|Quando raggiungi il livello 30, usa|XP e miagrume per evolvere.|＠|＠|＠|＠|＠
Dall'evento capsule rare|Fiera pasquale|＠|EVOLUZIONE al livello 10|＠|＠|Quando raggiungi il livello 30, usa|XP e miagrume per evolvere.|＠|＠|＠|＠|＠
Dall'evento capsule rare|Fiera pasquale|＠|EVOLUZIONE al livello 10|＠|＠|Quando raggiungi il livello 30, usa|XP e miagrume per evolvere.|＠|＠|＠|＠|＠
Dall'evento capsule rare|FESTIVAL EPICO|＠|EVOLUZIONE al livello 10|＠|＠|＠|＠|＠|＠|＠|＠|＠
Dall'evento capsule rare|Ragazze e mostri|＠|EVOLUZIONE al livello 10|＠|＠|Quando raggiungi il livello 30, usa|XP e miagrume per evolvere.|＠|＠|＠|＠|＠
Dall'evento capsule rare|Ragazze e mostri|＠|EVOLUZIONE al livello 10|＠|＠|Quando raggiungi il livello 30, usa|XP e miagrume per evolvere.|＠|＠|＠|＠|＠
Dall'evento capsule rare|Ragazze e mostri|＠|EVOLUZIONE al livello 10|＠|＠|Quando raggiungi il livello 30, usa|XP e miagrume per evolvere.|＠|＠|＠|＠|＠
Raccogli da evento collab.|＠|＠|EVOLUZIONE al livello 10|＠|＠|Quando raggiungi il livello 30, usa|XP e miagrume per evolvere.|＠|＠|＠|＠|＠
Dall'evento capsule rare|Dèi della guerra: Vajiras|＠|EVOLUZIONE al livello 10|＠|＠|Quando raggiungi il livello 30, usa|XP e miagrume per evolvere.|＠|＠|＠|＠|＠
？？？|＠|＠|EVOLUZIONE al livello 10|＠|＠|＠|＠|＠|＠|＠|＠|＠
Raccogli da evento collab.|The Lost World|＠|EVOLUZIONE al livello 10|＠|＠|Raccogli da evento collab.|Arriva Yuki la rossa!|EVOLUZIONE al livello 20|＠|＠|＠|＠
Raccogli da evento collab.|＠|＠|EVOLUZIONE al livello 10|＠|＠|Quando raggiungi il livello 30, usa|XP e miagrume per evolvere.|＠|＠|＠|＠|＠
Raccogli dall'evento limitato|＠|＠|EVOLUZIONE al livello 10|＠|＠|＠|＠|＠|＠|＠|＠|＠
Raccogli dal livello evento limitato|Sliming to Victory!|＠|EVOLUZIONE al livello 10|＠|＠|＠|＠|＠|＠|＠|＠|＠
Raccogli da evento collab.|＠|＠|EVOLUZIONE al livello 10|＠|＠|Quando raggiungi il livello 30, usa|XP e miagrume per evolvere.|＠|＠|＠|＠|＠
Raccogli da evento collab.|＠|＠|EVOLUZIONE al livello 10|＠|＠|Quando raggiungi il livello 30, usa|XP e miagrume per evolvere.|＠|＠|＠|＠|＠
Raccogli da evento collab.|＠|＠|EVOLUZIONE al livello 10|＠|＠|＠|＠|＠|＠|＠|＠|＠
Ottieni come regalo speciale|＠|＠|EVOLUZIONE al livello 10|＠|＠|Raccogli da evento collab.|＠|EVOLUZIONE al livello 20|＠|＠|＠|＠
Raccogli da evento collab.|＠|＠|EVOLUZIONE al livello 10|＠|＠|＠|＠|＠|＠|＠|＠|＠
Raccogli da evento collab.|＠|＠|EVOLUZIONE al livello 10|＠|＠|＠|＠|＠|＠|＠|＠|＠
Raccogli da evento collab.|＠|＠|EVOLUZIONE al livello 10|＠|＠|＠|＠|＠|＠|＠|＠|＠
Dall'evento capsule rare|Ragazze galattiche Cyberaccademia|＠|EVOLUZIONE al livello 10|＠|＠|Quando raggiungi il livello 30, usa|XP e miagrume per evolvere.|＠|＠|＠|＠|＠
Raccogli da ???|＠|＠|EVOLUZIONE al livello 10|＠|＠|＠|＠|＠|＠|＠|＠|＠
Raccogli da evento collab.||＠|EVOLUZIONE al livello 10|＠|＠|Raccogli da evento collab.||EVOLUZIONE al livello 20|＠|＠|＠|＠
Dall'evento capsule rare|Ragazze estive|＠|EVOLUZIONE al livello 10|＠|＠|＠|＠|＠|＠|＠|＠|＠
Dall'evento capsule rare|Legione di ferro|＠|EVOLUZIONE al livello 10|＠|＠|Quando raggiungi il livello 30, usa|XP e miagrume per evolvere.|＠|＠|＠|＠|＠
Raccogli da evento collab.|＠|＠|EVOLUZIONE al livello 10|＠|＠|＠|＠|＠|＠|＠|＠|＠
Dall'evento capsule rare|Ragazze e mostri|＠|EVOLUZIONE al livello 10|＠|＠|Quando raggiungi il livello 30, usa|XP e miagrume per evolvere.|＠|＠|＠|＠|＠
Dall'evento capsule rare|Ragazze e mostri|＠|EVOLUZIONE al livello 10|＠|＠|Quando raggiungi il livello 30, usa|XP e miagrume per evolvere.|＠|＠|＠|＠|＠
Dall'evento capsule rare|Fate elementali|＠|EVOLUZIONE al livello 10|＠|＠|Quando raggiungi il livello 30, usa|XP e miagrume per evolvere.|＠|Dopo aver raggiunto la Forma Reale e il liv. 60|Miagrume, pietre Behemoth per evolvere.|＠|＠
Dall'evento capsule rare|Fate elementali|＠|EVOLUZIONE al livello 10|＠|＠|Quando raggiungi il livello 30, usa|XP e miagrume per evolvere.|＠|＠|＠|＠|＠
Dall'evento capsule rare|Fate elementali|＠|EVOLUZIONE al livello 10|＠|＠|Quando raggiungi il livello 30, usa|XP e miagrume per evolvere.|＠|Dopo aver raggiunto la Forma Reale e il liv. 60|XP e pietre Behemoth per evolvere.|＠|＠
Raccogli da evento collab.|＠|＠|EVOLUZIONE al livello 10|＠|＠|Quando raggiungi il livello 30, usa|XP e miagrume per evolvere.|＠|＠|＠|＠|＠
Raccogli da evento collab.|＠|＠|EVOLUZIONE al livello 10|＠|＠|＠|＠|＠|＠|＠|＠|＠
Raccogli da evento collab.|＠|＠|EVOLUZIONE al livello 10|＠|＠|＠|＠|＠|＠|＠|＠|＠
Raccogli da evento collab.|＠|＠|EVOLUZIONE al livello 10|＠|＠|＠|＠|＠|＠|＠|＠|＠
Raccogli da evento collab.|＠|＠|EVOLUZIONE al livello 10|＠|＠|＠|＠|＠|＠|＠|＠|＠
Raccogli da evento collab.|＠|＠|EVOLUZIONE al livello 10|＠|＠|＠|＠|＠|＠|＠|＠|＠
Raccogli da evento collab.|＠|＠|EVOLUZIONE al livello 10|＠|＠|＠|＠|＠|＠|＠|＠|＠
Raccogli da evento collab.|＠|＠|EVOLUZIONE al livello 10|＠|＠|Raccogli da evento collab.|Holy War: Saber Alter|EVOLUZIONE al livello 20|＠|＠|＠|＠
Raccogli da evento collab.|＠|＠|EVOLUZIONE al livello 10|＠|＠|Quando raggiungi il livello 30, usa|XP e miagrume per evolvere.|＠|＠|＠|＠|＠
Raccogli da evento collab.|＠|＠|EVOLUZIONE al livello 10|＠|＠|＠|＠|＠|＠|＠|＠|＠
Raccogli da evento collab.|＠|＠|EVOLUZIONE al livello 10|＠|＠|＠|＠|＠|＠|＠|＠|＠
Raccogli da evento collab.|The Holy Grail War|＠|EVOLUZIONE al livello 10|＠|＠|＠|＠|＠|＠|＠|＠|＠
Raccogli da evento collab.|＠|＠|EVOLUZIONE al livello 10|＠|＠|＠|＠|＠|＠|＠|＠|＠
Raccogli dall'evento limitato|＠|＠|EVOLUZIONE al livello 10|＠|＠|＠|＠|＠|＠|＠|＠|＠
Raccogli da capsule rare!|＠|＠|EVOLUZIONE al livello 10|＠|＠|Quando raggiungi il livello 30, usa|XP e miagrume per evolvere.|＠|＠|＠|＠|＠
Raccogli da capsule rare!|＠|＠|EVOLUZIONE al livello 10|＠|＠|Quando raggiungi il livello 30, usa|XP e miagrume per evolvere.|＠|＠|＠|＠|＠
Dall'evento capsule rare|FESTIVAL EPICO|＠|EVOLUZIONE al livello 10|＠|＠|＠|＠|＠|＠|＠|＠|＠
Dal livello evento|La seconda dimensione|＠|EVOLUZIONE al livello 10|＠|＠|Dal livello evento|La terza dimensione|EVOLUZIONE al livello 20|＠|＠|＠|＠
Dall'evento capsule rare|FESTIVAL ULTRA|＠|EVOLUZIONE al livello 10|＠|＠|＠|＠|＠|＠|＠|＠|＠
Raccogli dall'evento limitato|＠|＠|EVOLUZIONE al livello 10|＠|＠|＠|＠|＠|＠|＠|＠|＠
Dal livello evento|Vendetta di re Wahwah|＠|EVOLUZIONE al livello 10|＠|＠|Dal livello evento|Ritorno di re Wahwah|EVOLUZIONE al livello 20|＠|＠|＠|＠
Raccogli da ???|＠|＠|EVOLUZIONE al livello 10|＠|＠|＠|＠|＠|＠|＠|＠|＠
Raccogli da evento collab.|＠|＠|EVOLUZIONE al livello 10|＠|＠|＠|＠|＠|＠|＠|＠|＠
Raccogli da evento collab.|Sophomore Summer|＠|EVOLUZIONE al livello 10|＠|＠|Raccogli da evento collab.|Prof. Wild's Challenge|EVOLUZIONE al livello 20|＠|＠|＠|＠
Raccogli da evento collab.|Date Chance: Sairi|＠|EVOLUZIONE al livello 10|＠|＠|＠|＠|＠|＠|＠|＠|＠
Raccogli da evento collab.|Date Chance: Misaki|＠|EVOLUZIONE al livello 10|＠|＠|＠|＠|＠|＠|＠|＠|＠
Raccogli da evento collab.|Date Chance: Ren|＠|EVOLUZIONE al livello 10|＠|＠|＠|＠|＠|＠|＠|＠|＠
Raccogli da evento collab.|Date Chance: Karin|＠|EVOLUZIONE al livello 10|＠|＠|＠|＠|＠|＠|＠|＠|＠
Raccogli da evento collab.|＠|＠|EVOLUZIONE al livello 10|＠|＠|Quando raggiungi il livello 30, usa|XP e miagrume per evolvere.|＠|＠|＠|＠|＠
Raccogli da evento collab.|＠|＠|EVOLUZIONE al livello 10|＠|＠|Quando raggiungi il livello 30, usa|XP e miagrume per evolvere.|＠|＠|＠|＠|＠
Raccogli da evento collab.|＠|＠|EVOLUZIONE al livello 10|＠|＠|Quando raggiungi il livello 30, usa|XP e miagrume per evolvere.|＠|＠|＠|＠|＠
Raccogli da evento collab.|＠|＠|EVOLUZIONE al livello 10|＠|＠|Quando raggiungi il livello 30, usa|XP e miagrume per evolvere.|＠|＠|＠|＠|＠
Raccogli da evento collab.|＠|＠|EVOLUZIONE al livello 10|＠|＠|Quando raggiungi il livello 30, usa|XP e miagrume per evolvere.|＠|＠|＠|＠|＠
Raccogli da evento collab.|＠|＠|EVOLUZIONE al livello 10|＠|＠|Quando raggiungi il livello 30, usa|XP e miagrume per evolvere.|＠|＠|＠|＠|＠
Dall'evento capsule rare|Signori della distruzione: Dragoni Imperatori|＠|EVOLUZIONE al livello 10|＠|＠|Quando raggiungi il livello 30, usa|XP e miagrume per evolvere.|＠|＠|＠|＠|＠
Dall'evento capsule rare|Antimetallici|＠|EVOLUZIONE al livello 10|＠|＠|Quando raggiungi il livello 30, usa|XP e miagrume per evolvere.|＠|Dopo aver raggiunto la Forma Reale e il liv. 60|Miagrume, pietre Behemoth per evolvere.|＠|＠
Raccogli da evento collab.|＠|＠|EVOLUZIONE al livello 10|＠|＠|＠|＠|＠|＠|＠|＠|＠
Raccogli da evento collab.|Mentori's Masterplan|＠|EVOLUZIONE al livello 10|＠|＠|＠|＠|＠|＠|＠|＠|＠
Raccogli da evento collab.|＠|＠|EVOLUZIONE al livello 10|＠|＠|＠|＠|＠|＠|＠|＠|＠
Dall'evento capsule rare|Fate elementali|＠|EVOLUZIONE al livello 10|＠|＠|Quando raggiungi il livello 30, usa|XP e miagrume per evolvere.|＠|＠|＠|＠|＠
Raccogli da evento collab.|Evangelion Activates!|＠|EVOLUZIONE al livello 10|＠|＠|Raccogli da evento collab.|Unit-13 Strikes!|EVOLUZIONE al livello 20|＠|＠|＠|＠
Raccogli da evento collab.|＠|＠|EVOLUZIONE al livello 10|＠|＠|＠|＠|＠|＠|＠|＠|＠
Raccogli da evento collab.|The 9th Angel Strikes!|＠|EVOLUZIONE al livello 10|＠|＠|＠|＠|＠|＠|＠|＠|＠
Raccogli da evento collab.|＠|＠|EVOLUZIONE al livello 10|＠|＠|Raccogli da evento collab.|The 10th Angel Strikes!|EVOLUZIONE al livello 20|＠|＠|＠|＠
Raccogli da evento collab.|＠|＠|EVOLUZIONE al livello 10|＠|＠|＠|＠|＠|＠|＠|＠|＠
Raccogli da evento collab.|＠|＠|EVOLUZIONE al livello 10|＠|＠|＠|＠|＠|＠|＠|＠|＠
Raccogli da evento collab.|＠|＠|EVOLUZIONE al livello 10|＠|＠|＠|＠|＠|＠|＠|＠|＠
Raccogli da evento collab.|＠|＠|EVOLUZIONE al livello 10|＠|＠|Quando raggiungi il livello 30, usa|XP e miagrume per evolvere.|＠|＠|＠|＠|＠
Raccogli da evento collab.|＠|＠|EVOLUZIONE al livello 10|＠|＠|Quando raggiungi il livello 30, usa|XP e miagrume per evolvere.|＠|＠|＠|＠|＠
Raccogli da evento collab.|＠|＠|EVOLUZIONE al livello 10|＠|＠|＠|＠|＠|＠|＠|＠|＠
Raccogli da evento collab.|＠|＠|EVOLUZIONE al livello 10|＠|＠|＠|＠|＠|＠|＠|＠|＠
Raccogli da evento collab.|＠|＠|EVOLUZIONE al livello 10|＠|＠|Quando raggiungi il livello 30, usa|XP e miagrume per evolvere.|＠|＠|＠|＠|＠
Raccogli da evento collab.|＠|＠|EVOLUZIONE al livello 10|＠|＠|Quando raggiungi il livello 30, usa|XP e miagrume per evolvere.|＠|＠|＠|＠|＠
Raccogli da evento collab.|＠|＠|EVOLUZIONE al livello 10|＠|＠|＠|＠|＠|＠|＠|＠|＠
Raccogli da evento collab.|＠|＠|EVOLUZIONE al livello 10|＠|＠|＠|＠|＠|＠|＠|＠|＠
Dall'evento capsule rare|Legione di ferro|＠|EVOLUZIONE al livello 10|＠|＠|Quando raggiungi il livello 30, usa|XP e miagrume per evolvere.|＠|＠|＠|＠|＠
Dal livello evento|Folle Moneko|＠|EVOLUZIONE al livello 10|＠|＠|＠|＠|＠|＠|＠|＠|＠
Raccogli da evento collab.|Poko Forest Friends!|＠|EVOLUZIONE al livello 10|＠|＠|＠|＠|＠|＠|＠|＠|＠
Raccogli da evento collab.|Poko Forest Friends!|＠|EVOLUZIONE al livello 10|＠|＠|＠|＠|＠|＠|＠|＠|＠
Raccogli da evento collab.|Poko Forest Friends!|＠|EVOLUZIONE al livello 10|＠|＠|＠|＠|＠|＠|＠|＠|＠
Raccogli da evento collab.||＠|EVOLUZIONE al livello 10|＠|＠|＠|＠|＠|＠|＠|＠|＠
Raccogli da evento collab.||＠|EVOLUZIONE al livello 10|＠|＠|＠|＠|＠|＠|＠|＠|＠
Raccogli da evento collab.||＠|EVOLUZIONE al livello 10|＠|＠|＠|＠|＠|＠|＠|＠|＠
Raccogli da evento collab.|＠|＠|EVOLUZIONE al livello 10|＠|＠|＠|＠|＠|＠|＠|＠|＠
Raccogli da ???|＠|＠|EVOLUZIONE al livello 10|＠|＠|＠|＠|＠|＠|＠|＠|＠
Dall'evento capsule rare|Le Dinamiti|＠|EVOLUZIONE al livello 10|＠|＠|Quando raggiungi il livello 30, usa|XP e miagrume per evolvere.|＠|＠|＠|＠|＠
Raccogli da evento collab.|＠|＠|EVOLUZIONE al livello 10|＠|＠|＠|＠|＠|＠|＠|＠|＠
Raccogli da evento collab.|＠|＠|EVOLUZIONE al livello 10|＠|＠|＠|＠|＠|＠|＠|＠|＠
Raccogli da evento collab.|＠|＠|EVOLUZIONE al livello 10|＠|＠|＠|＠|＠|＠|＠|＠|＠
Dall'evento capsule rare|La giustizia risponde: Eroi Oscuri|＠|EVOLUZIONE al livello 10|＠|＠|Quando raggiungi il livello 30, usa|XP e miagrume per evolvere.|＠|Dopo aver raggiunto la Forma Reale e il liv. 60|Miagrume, pietre Behemoth per evolvere.|＠|＠
Raccogli da evento collab.|＠|＠|EVOLUZIONE al livello 10|＠|＠|＠|＠|＠|＠|＠|＠|＠
Raccogli da evento collab.|＠|＠|EVOLUZIONE al livello 10|＠|＠|＠|＠|＠|＠|＠|＠|＠
Raccogli da evento collab.|＠|＠|EVOLUZIONE al livello 10|＠|＠|＠|＠|＠|＠|＠|＠|＠
Raccogli da capsule rare limitate|＠|＠|EVOLUZIONE al livello 10|＠|＠|＠|＠|＠|＠|＠|＠|＠
Dall'evento capsule rare|I racconti di Nekoluga|＠|EVOLUZIONE al livello 10|＠|＠|Quando raggiungi il livello 30, usa|XP e miagrume per evolvere.|＠|＠|＠|＠|＠
Raccogli da ???|＠|＠|EVOLUZIONE al livello 10|＠|＠|＠|＠|＠|＠|＠|＠|＠
Dall'evento capsule rare|Ragazze estive|＠|EVOLUZIONE al livello 10|＠|＠|＠|＠|＠|＠|＠|＠|＠
Dall'evento capsule rare|Gli Onnipotenti: il Divino Zeus|＠|EVOLUZIONE al livello 10|＠|＠|Quando raggiungi il livello 30, usa|XP e miagrume per evolvere.|＠|＠|＠|＠|＠
Raccogli da evento collab.|＠|＠|EVOLUZIONE al livello 10|＠|＠|Quando raggiungi il livello 30, usa|XP e miagrume per evolvere.|＠|＠|＠|＠|＠
Dall'evento capsule rare|FESTIVAL EPICO|＠|EVOLUZIONE al livello 10|＠|＠|＠|＠|＠|＠|＠|＠|＠
Dal livello evento|Sogno profondo|＠|EVOLUZIONE al livello 10|＠|＠|Dal livello evento|Sogno più profondo|EVOLUZIONE al livello 20|＠|＠|＠|＠
Raccogli da capsule rare limitate|＠|＠|EVOLUZIONE al livello 10|＠|＠|Quando raggiungi il livello 30, usa|XP e miagrume per evolvere.|＠|＠|＠|＠|＠
Raccogli da capsule rare limitate|＠|＠|EVOLUZIONE al livello 10|＠|＠|Quando raggiungi il livello 30, usa|XP e miagrume per evolvere.|＠|＠|＠|＠|＠
Raccogli da capsule rare limitate|＠|＠|EVOLUZIONE al livello 10|＠|＠|Quando raggiungi il livello 30, usa|XP e miagrume per evolvere.|＠|＠|＠|＠|＠
Raccogli da capsule rare limitate|＠|＠|EVOLUZIONE al livello 10|＠|＠|Quando raggiungi il livello 30, usa|XP e miagrume per evolvere.|＠|＠|＠|＠|＠
Raccogli da capsule rare limitate|＠|＠|EVOLUZIONE al livello 10|＠|＠|Quando raggiungi il livello 30, usa|XP e miagrume per evolvere.|＠|＠|＠|＠|＠
Raccogli da ???|＠|＠|EVOLUZIONE al livello 10|＠|＠|＠|＠|＠|＠|＠|＠|＠
Raccogli da ???|＠|＠|EVOLUZIONE al livello 10|＠|＠|＠|＠|＠|＠|＠|＠|＠
Raccogli da ???|＠|＠|EVOLUZIONE al livello 10|＠|＠|＠|＠|＠|＠|＠|＠|＠
Raccogli da ???|＠|＠|EVOLUZIONE al livello 10|＠|＠|＠|＠|＠|＠|＠|＠|＠
Dal livello evento|Tifone Nemo|＠|EVOLUZIONE al livello 10|＠|＠|Dal livello evento|Tifone Nihil|EVOLUZIONE al livello 20|＠|＠|＠|＠
Raccogli da evento collab.|＠|＠|EVOLUZIONE al livello 10|＠|＠|＠|＠|＠|＠|＠|＠|＠
Raccogli da evento collab.|＠|＠|EVOLUZIONE al livello 10|＠|＠|＠|＠|＠|＠|＠|＠|＠
Raccogli da ???|＠|＠|EVOLUZIONE al livello 10|＠|＠|＠|＠|＠|＠|＠|＠|＠
Raccogli da evento collab.|＠|＠|EVOLUZIONE al livello 10|＠|＠|Quando raggiungi il livello 30, usa|XP e miagrume per evolvere.|＠|＠|＠|＠|＠
Raccogli da evento collab.|＠|＠|EVOLUZIONE al livello 10|＠|＠|＠|＠|＠|＠|＠|＠|＠
Raccogli da evento collab.|＠|＠|EVOLUZIONE al livello 10|＠|＠|＠|＠|＠|＠|＠|＠|＠
Raccogli da evento collab.|＠|＠|EVOLUZIONE al livello 10|＠|＠|＠|＠|＠|＠|＠|＠|＠
Raccogli da evento collab.|＠|＠|EVOLUZIONE al livello 10|＠|＠|＠|＠|＠|＠|＠|＠|＠
Raccogli da ???|＠|＠|EVOLUZIONE al livello 10|＠|＠|＠|＠|＠|＠|＠|＠|＠
Raccogli da ???|＠|＠|EVOLUZIONE al livello 10|＠|＠|Quando raggiungi il livello 30, usa|XP e pietre Behemoth per evolvere.|＠|＠|＠|＠|＠
Raccogli da ???|＠|＠|EVOLUZIONE al livello 10|＠|＠|＠|＠|＠|＠|＠|＠|＠
Raccogli da ???|＠|＠|EVOLUZIONE al livello 10|＠|＠|Quando raggiungi il livello 30, usa|XP e pietre Behemoth per evolvere.|＠|＠|＠|＠|＠
Raccogli da ???|＠|＠|EVOLUZIONE al livello 10|＠|＠|＠|＠|＠|＠|＠|＠|＠
Raccogli da evento collab.|＠|＠|EVOLUZIONE al livello 10|＠|＠|＠|＠|＠|＠|＠|＠|＠
Raccogli da evento collab.|＠|＠|EVOLUZIONE al livello 10|＠|＠|Quando raggiungi il livello 30, usa|XP e miagrume per evolvere.|＠|＠|＠|＠|＠
Raccogli da evento collab.|＠|＠|EVOLUZIONE al livello 10|＠|＠|Quando raggiungi il livello 30, usa|XP e miagrume per evolvere.|＠|＠|＠|＠|＠
Raccogli da evento collab.|＠|＠|EVOLUZIONE al livello 10|＠|＠|Quando raggiungi il livello 30, usa|XP e miagrume per evolvere.|＠|＠|＠|＠|＠
Raccogli da evento collab.|＠|＠|EVOLUZIONE al livello 10|＠|＠|＠|＠|＠|＠|＠|＠|＠
Raccogli da evento collab.|＠|＠|EVOLUZIONE al livello 10|＠|＠|Once Lvl 30 is reached, use|XP and Catfruit to Evolve.|＠|＠|＠|＠|＠
Collect from Collab. Event|＠|＠|EVOLVE at Level 10|＠|＠|Once Lvl 30 is reached, use|XP and Catfruit to Evolve.|＠|＠|＠|＠|＠
＠|＠|＠|EVOLUZIONE al livello 10|＠|＠|＠|＠|＠|＠|＠|＠|＠
＠|＠|＠|EVOLUZIONE al livello 10|＠|＠|＠|＠|＠|＠|＠|＠|＠
＠|＠|＠|EVOLUZIONE al livello 10|＠|＠|＠|＠|＠|＠|＠|＠|＠
Raccogli da evento collab.|＠|＠|EVOLUZIONE al livello 10|＠|＠|＠|＠|＠|＠|＠|＠|＠
Raccogli da evento collab.|＠|＠|EVOLUZIONE al livello 10|＠|＠|＠|＠|＠|＠|＠|＠|＠
Raccogli da ???|＠|＠|EVOLUZIONE al livello 10|＠|＠|＠|＠|＠|＠|＠|＠|＠
Raccogli dall'evento limitato|＠|＠|EVOLUZIONE al livello 10|＠|＠|Quando raggiungi il livello 30, usa|XP e pietre Behemoth per evolvere.|＠|＠|＠|＠|＠
Raccogli da evento collab.||＠|EVOLUZIONE al livello 10|＠|＠|＠|＠|＠|＠|＠|＠|＠
Raccogli da ???|＠|＠|EVOLUZIONE al livello 10|＠|＠|＠|＠|＠|＠|＠|＠|＠
Raccogli da evento collab.|＠|＠|EVOLUZIONE al livello 10|＠|＠|Quando raggiungi il livello 30, usa|XP e miagrume per evolvere.|＠|＠|＠|＠|＠
Raccogli da evento collab.|The World Beyond|＠|EVOLUZIONE al livello 10|＠|＠|＠|＠|＠|＠|＠|＠|＠
Raccogli da capsule rare limitate|＠|＠|EVOLUZIONE al livello 10|＠|＠|＠|＠|＠|＠|＠|＠|＠
Raccogli da evento collab.|＠|＠|EVOLUZIONE al livello 10|＠|＠|＠|＠|＠|＠|＠|＠|＠
Raccogli da evento collab.|＠|＠|EVOLUZIONE al livello 10|＠|＠|＠|＠|＠|＠|＠|＠|＠
Raccogli da evento collab.|＠|＠|EVOLUZIONE al livello 10|＠|＠|＠|＠|＠|＠|＠|＠|＠
Raccogli da evento collab.|＠|＠|EVOLUZIONE al livello 10|＠|＠|Quando raggiungi il livello 30, usa|XP e miagrume per evolvere.|＠|＠|＠|＠|＠
Raccogli da evento collab.|＠|＠|EVOLUZIONE al livello 10|＠|＠|＠|＠|＠|＠|＠|＠|＠
Raccogli da evento collab.|＠|＠|EVOLUZIONE al livello 10|＠|＠|＠|＠|＠|＠|＠|＠|＠
Raccogli da evento collab.|＠|＠|EVOLUZIONE al livello 10|＠|＠|＠|＠|＠|＠|＠|＠|＠
Raccogli da evento collab.|＠|＠|EVOLUZIONE al livello 10|＠|＠|Raccogli da evento collab.||EVOLUZIONE al livello 20|＠|＠|＠|＠
Raccogli da ???|＠|＠|EVOLUZIONE al livello 10|＠|＠|＠|＠|＠|＠|＠|＠|＠
Dall'evento capsule rare|Ragazze estive|＠|EVOLUZIONE al livello 10|＠|＠|＠|＠|＠|＠|＠|＠|＠
Raccogli da capsule rare!|＠|＠|EVOLUZIONE al livello 10|＠|＠|Quando raggiungi il livello 30, usa|XP e miagrume per evolvere.|＠|＠|＠|＠|＠
Dall'evento capsule rare|Dèi della guerra: Vajiras|＠|EVOLUZIONE al livello 10|＠|＠|Quando raggiungi il livello 30, usa|XP e miagrume per evolvere.|＠|＠|＠|＠|＠
Raccogli da evento collab.|＠|＠|EVOLUZIONE al livello 10|＠|＠|＠|＠|＠|＠|＠|＠|＠
Raccogli da evento collab.|＠|＠|EVOLUZIONE al livello 10|＠|＠|＠|＠|＠|＠|＠|＠|＠
Raccogli da evento collab.|＠|＠|EVOLUZIONE al livello 10|＠|＠|＠|＠|＠|＠|＠|＠|＠
Raccogli da evento collab.|＠|＠|EVOLUZIONE al livello 10|＠|＠|＠|＠|＠|＠|＠|＠|＠
Raccogli dal livello evento limitato|The Battle Cats Unite!|＠|EVOLUZIONE al livello 10|＠|＠|＠|＠|＠|＠|＠|＠|＠
Dall'evento capsule rare|Ragazze galattiche Cyberaccademia|＠|EVOLUZIONE al livello 10|＠|＠|Quando raggiungi il livello 30, usa|XP e miagrume per evolvere.|＠|＠|＠|＠|＠
Raccogli da evento collab.||＠|EVOLUZIONE al livello 10|＠|＠|＠|＠|＠|＠|＠|＠|＠
Raccogli da evento collab.|＠|＠|EVOLUZIONE al livello 10|＠|＠|＠|＠|＠|＠|＠|＠|＠
Dall'evento capsule rare|Signori della distruzione: Dragoni Imperatori|＠|EVOLUZIONE al livello 10|＠|＠|Quando raggiungi il livello 30, usa|XP e miagrume per evolvere.|＠|＠|＠|＠|＠
Raccogli da evento collab.|＠|＠|EVOLUZIONE al livello 10|＠|＠|Quando raggiungi il livello 30, usa|XP e miagrume per evolvere.|＠|＠|＠|＠|＠
Raccogli dal livello evento limitato|Impatto blu|＠|EVOLUZIONE al livello 10|＠|＠|＠|＠|＠|＠|＠|＠|＠
Raccogli da evento collab.|＠|＠|EVOLUZIONE al livello 10|＠|＠|＠|＠|＠|＠|＠|＠|＠
Raccogli da evento collab.|＠|＠|EVOLUZIONE al livello 10|＠|＠|＠|＠|＠|＠|＠|＠|＠
Raccogli da evento collab.|＠|＠|EVOLUZIONE al livello 10|＠|＠|＠|＠|＠|＠|＠|＠|＠
Raccogli da evento collab.|＠|＠|EVOLUZIONE al livello 10|＠|＠|Quando raggiungi il livello 30, usa|XP e miagrume per evolvere.|＠|＠|＠|＠|＠
Raccogli da evento collab.|＠|＠|EVOLUZIONE al livello 10|＠|＠|＠|＠|＠|＠|＠|＠|＠
Raccogli da evento collab.|＠|＠|EVOLUZIONE al livello 10|＠|＠|＠|＠|＠|＠|＠|＠|＠
Raccogli da evento collab.|＠|＠|EVOLUZIONE al livello 10|＠|＠|＠|＠|＠|＠|＠|＠|＠
Raccogli da evento collab.|＠|＠|EVOLUZIONE al livello 10|＠|＠|＠|＠|＠|＠|＠|＠|＠
Raccogli da evento collab.|＠|＠|EVOLUZIONE al livello 10|＠|＠|＠|＠|＠|＠|＠|＠|＠
Raccogli da evento collab.|＠|＠|EVOLUZIONE al livello 10|＠|＠|＠|＠|＠|＠|＠|＠|＠
Raccogli da evento collab.|＠|＠|EVOLUZIONE al livello 10|＠|＠|＠|＠|＠|＠|＠|＠|＠
Dall'evento capsule rare|Le Dinamiti|＠|EVOLUZIONE al livello 10|＠|＠|Quando raggiungi il livello 30, usa|XP e miagrume per evolvere.|＠|＠|＠|＠|＠
Raccogli da capsule rare limitate|＠|＠|EVOLUZIONE al livello 10|＠|＠|＠|＠|＠|＠|＠|＠|＠
Raccogli dal livello evento limitato|Tribunale del Tormento|＠|EVOLUZIONE al livello 10|＠|＠|Dal livello evento|Tribunale dell'Agonia, poi|EVOLUZIONE al livello 20|＠|＠|＠|＠
Raccogli da capsule rare!|＠|＠|EVOLUZIONE al livello 10|＠|＠|Quando raggiungi il livello 30, usa|XP e miagrume per evolvere.|＠|＠|＠|＠|＠
Raccogli da capsule rare!|＠|＠|EVOLUZIONE al livello 10|＠|＠|Quando raggiungi il livello 30, usa|XP e miagrume per evolvere.|＠|＠|＠|＠|＠
Raccogli da evento collab.|＠|＠|EVOLUZIONE al livello 10|＠|＠|＠|＠|＠|＠|＠|＠|＠
Dall'evento capsule rare|Eroi antichi: Ultra spiriti|＠|EVOLUZIONE al livello 10|＠|＠|Quando raggiungi il livello 30, usa|XP e miagrume per evolvere.|＠|＠|＠|＠|＠
Dall'evento capsule rare|Ragazze natalizie|＠|EVOLUZIONE al livello 10|＠|＠|＠|＠|＠|＠|＠|＠|＠
Raccogli dal livello evento limitato|Vecchia regina|＠|EVOLUZIONE al livello 10|＠|＠|Dal livello evento|Vecchia regina|EVOLUZIONE al livello 20|＠|＠|＠|＠
Raccogli dal livello evento limitato|Paradiso di Papuu|＠|EVOLUZIONE al livello 10|＠|＠|Dal livello evento|Paradosso di Papuu|EVOLUZIONE al livello 20|＠|＠|＠|＠
Dall'evento capsule rare|FESTIVAL ULTRA|＠|EVOLUZIONE al livello 10|＠|＠|＠|＠|＠|＠|＠|＠|＠
Raccogli da evento collab.|＠|＠|EVOLUZIONE al livello 10|＠|＠|＠|＠|＠|＠|＠|＠|＠
Raccogli dal livello evento limitato|Fondo della palude|＠|EVOLUZIONE al livello 10|＠|＠|Dal livello evento|Meglio del peggio|EVOLUZIONE al livello 20|＠|＠|＠|＠
Raccogli da ???|＠|＠|EVOLUZIONE al livello 10|＠|＠|Quando raggiungi il livello 30, usa|XP e pietre Behemoth per evolvere.|＠|＠|＠|＠|＠
Dall'evento capsule rare|La giustizia risponde: Eroi Oscuri|＠|EVOLUZIONE al livello 10|＠|＠|Quando raggiungi il livello 30, usa|XP e miagrume per evolvere.|＠|＠|＠|＠|＠
Dall'evento capsule rare|Gli Onnipotenti: il Divino Zeus|＠|EVOLUZIONE al livello 10|＠|＠|Quando raggiungi il livello 30, usa|XP e miagrume per evolvere.|＠|＠|＠|＠|＠
Raccogli da evento collab.|＠|＠|EVOLUZIONE al livello 10|＠|＠|＠|＠|＠|＠|＠|＠|＠
Raccogli da evento collab.|＠|＠|EVOLUZIONE al livello 10|＠|＠|＠|＠|＠|＠|＠|＠|＠
Raccogli da evento collab.|＠|＠|EVOLUZIONE al livello 10|＠|＠|＠|＠|＠|＠|＠|＠|＠
Raccogli da evento collab.|＠|＠|EVOLUZIONE al livello 10|＠|＠|＠|＠|＠|＠|＠|＠|＠
Raccogli dal livello evento limitato|Gloria di Wanwan|＠|EVOLUZIONE al livello 10|＠|＠|Dal livello evento|NEO Gloria di Wanwan|EVOLUZIONE al livello 20|＠|＠|＠|＠
Raccogli da evento collab.|＠|＠|EVOLUZIONE al livello 10|＠|＠|＠|＠|＠|＠|＠|＠|＠
Raccogli da evento collab.|＠|＠|EVOLUZIONE al livello 10|＠|＠|＠|＠|＠|＠|＠|＠|＠
Raccogli da ???|＠|＠|EVOLUZIONE al livello 10|＠|＠|＠|＠|＠|＠|＠|＠|＠
Dall'evento capsule rare|FESTIVAL EPICO|＠|EVOLUZIONE al livello 10|＠|＠|＠|＠|＠|＠|＠|＠|＠
Raccogli da ???|＠|＠|EVOLUZIONE al livello 10|＠|＠|＠|＠|＠|＠|＠|＠|＠
Raccogli dal livello evento limitato|Il ritorno di Z-Onel!|＠|EVOLUZIONE al livello 10|＠|＠|Dal livello evento|La resurrezione di Z-Onel!|EVOLUZIONE al livello 20|＠|＠|＠|＠
Dall'evento capsule rare|I racconti di Nekoluga|＠|EVOLUZIONE al livello 10|＠|＠|Quando raggiungi il livello 30, usa|XP e miagrume per evolvere.|＠|＠|＠|＠|＠
Raccogli da evento collab.|＠|＠|EVOLUZIONE al livello 10|＠|＠|＠|＠|＠|＠|＠|＠|＠
Raccogli da evento collab.|＠|＠|EVOLUZIONE al livello 10|＠|＠|＠|＠|＠|＠|＠|＠|＠
Raccogli da evento collab.|＠|＠|EVOLUZIONE al livello 10|＠|＠|＠|＠|＠|＠|＠|＠|＠
Raccogli da evento collab.|＠|＠|EVOLUZIONE al livello 10|＠|＠|＠|＠|＠|＠|＠|＠|＠
Raccogli da evento collab.|＠|＠|EVOLUZIONE al livello 10|＠|＠|＠|＠|＠|＠|＠|＠|＠
Raccogli da evento collab.|＠|＠|EVOLUZIONE al livello 10|＠|＠|＠|＠|＠|＠|＠|＠|＠
Raccogli dal livello evento limitato|Prima faccenda|＠|EVOLUZIONE al livello 10|＠|＠|Dal livello evento|Prima faccenda NEO|EVOLUZIONE al livello 20|＠|＠|＠|＠
Raccogli da ???|＠|＠|EVOLUZIONE al livello 10|＠|＠|＠|＠|＠|＠|＠|＠|＠
Raccogli da evento collab.|＠|＠|EVOLUZIONE al livello 10|＠|＠|＠|＠|＠|＠|＠|＠|＠
Raccogli da evento collab.|＠|＠|EVOLUZIONE al livello 10|＠|＠|Quando raggiungi il livello 30, usa|XP e miagrume per evolvere.|＠|＠|＠|＠|＠
Raccogli da evento collab.|＠|＠|EVOLUZIONE al livello 10|＠|＠|＠|＠|＠|＠|＠|＠|＠
Raccogli dall'evento limitato|＠|＠|EVOLUZIONE al livello 10|＠|＠|＠|＠|＠|＠|＠|＠|＠
Dall'evento capsule rare|Antiondate|＠|EVOLUZIONE al livello 10|＠|＠|Quando raggiungi il livello 30, usa|XP e miagrume per evolvere.|＠|＠|＠|＠|＠
Raccogli da evento collab.|＠|＠|EVOLUZIONE al livello 10|＠|＠|＠|＠|＠|＠|＠|＠|＠
Raccogli da evento collab.|＠|＠|EVOLUZIONE al livello 10|＠|＠|＠|＠|＠|＠|＠|＠|＠
Raccogli da evento collab.|＠|＠|EVOLUZIONE al livello 10|＠|＠|＠|＠|＠|＠|＠|＠|＠
Dall'evento capsule rare|Ragazze estive|＠|EVOLUZIONE al livello 10|＠|＠|Quando raggiungi il livello 30, usa|XP e miagrume per evolvere.|＠|＠|＠|＠|＠
Dall'evento capsule rare|Ragazze estive|＠|EVOLUZIONE al livello 10|＠|＠|Quando raggiungi il livello 30, usa|usa XP, miagrume, pietre B. per evolvere.|＠|＠|＠|＠|＠
Dall'evento capsule rare|Ragazze estive|＠|EVOLUZIONE al livello 10|＠|＠|Quando raggiungi il livello 30, usa|XP e miagrume per evolvere.|＠|＠|＠|＠|＠
Dall'evento capsule rare|Ragazze estive|＠|EVOLUZIONE al livello 10|＠|＠|Quando raggiungi il livello 30, usa|usa XP, miagrume, pietre B. per evolvere.|＠|＠|＠|＠|＠
Raccogli da evento collab.|＠|＠|EVOLUZIONE al livello 10|＠|＠|Quando raggiungi il livello 30, usa|XP e miagrume per evolvere.|＠|＠|＠|＠|＠
Raccogli da ???|＠|＠|EVOLUZIONE al livello 10|＠|＠|＠|＠|＠|＠|＠|＠|＠
Dall'evento capsule rare|Fate elementali|＠|EVOLUZIONE al livello 10|＠|＠|Quando raggiungi il livello 30, usa|XP e miagrume per evolvere.|＠|＠|＠|＠|＠
Dall'evento capsule rare|Fiera di Halloween|＠|EVOLUZIONE al livello 10|＠|＠|Quando raggiungi il livello 30, usa|XP e miagrume per evolvere.|＠|＠|＠|＠|＠
Raccogli da evento collab.|＠|＠|EVOLUZIONE al livello 10|＠|＠|＠|＠|＠|＠|＠|＠|＠
Raccogli da evento collab.|＠|＠|EVOLUZIONE al livello 10|＠|＠|＠|＠|＠|＠|＠|＠|＠
Raccogli da evento collab.|＠|＠|EVOLUZIONE al livello 10|＠|＠|＠|＠|＠|＠|＠|＠|＠
Raccogli da evento collab.|＠|＠|EVOLUZIONE al livello 10|＠|＠|＠|＠|＠|＠|＠|＠|＠
Raccogli da evento collab.|＠|＠|EVOLUZIONE al livello 10|＠|＠|＠|＠|＠|＠|＠|＠|＠
Raccogli da evento collab.|＠|＠|EVOLUZIONE al livello 10|＠|＠|＠|＠|＠|＠|＠|＠|＠
Raccogli da evento collab.|＠|＠|EVOLUZIONE al livello 10|＠|＠|＠|＠|＠|＠|＠|＠|＠
Raccogli da evento collab.|＠|＠|EVOLUZIONE al livello 10|＠|＠|＠|＠|＠|＠|＠|＠|＠
Raccogli da evento collab.|＠|＠|EVOLUZIONE al livello 10|＠|＠|＠|＠|＠|＠|＠|＠|＠
Raccogli da evento collab.|＠|＠|EVOLUZIONE al livello 10|＠|＠|＠|＠|＠|＠|＠|＠|＠
Raccogli dal livello evento limitato|Preludio della fine|＠|EVOLUZIONE al livello 10|＠|＠|＠|＠|＠|＠|＠|＠|＠
Raccogli da evento collab.|＠|＠|EVOLUZIONE al livello 10|＠|＠|＠|＠|＠|＠|＠|＠|＠
Raccogli da evento collab.|＠|＠|EVOLUZIONE al livello 10|＠|＠|＠|＠|＠|＠|＠|＠|＠
Dall'evento capsule rare|Ragazze natalizie|＠|EVOLUZIONE al livello 10|＠|＠|Quando raggiungi il livello 30, usa|XP e miagrume per evolvere.|＠|＠|＠|＠|＠
Dall'evento capsule rare|FESTIVAL ULTRA|＠|EVOLUZIONE al livello 10|＠|＠|＠|＠|＠|＠|＠|＠|＠
Raccogli da ???|＠|＠|EVOLUZIONE al livello 10|＠|＠|＠|＠|＠|＠|＠|＠|＠
Dall'evento capsule rare|Ragazze in amore|＠|EVOLUZIONE al livello 10|＠|＠|＠|＠|＠|＠|＠|＠|＠
Dall'evento capsule rare|Ragazze in amore|＠|EVOLUZIONE al livello 10|＠|＠|＠|＠|＠|＠|＠|＠|＠
Dall'evento capsule rare|Ragazze in amore|＠|EVOLUZIONE al livello 10|＠|＠|Quando raggiungi il livello 30, usa|XP e miagrume per evolvere.|＠|＠|＠|＠|＠
Raccogli da evento collab.|＠|＠|EVOLUZIONE al livello 10|＠|＠|＠|＠|＠|＠|＠|＠|＠
Raccogli da evento collab.|＠|＠|EVOLUZIONE al livello 10|＠|＠|＠|＠|＠|＠|＠|＠|＠
Raccogli da evento collab.|＠|＠|EVOLUZIONE al livello 10|＠|＠|＠|＠|＠|＠|＠|＠|＠
Raccogli da evento collab.|＠|＠|EVOLUZIONE al livello 10|＠|＠|＠|＠|＠|＠|＠|＠|＠
Dall'evento capsule rare|Legione di ferro|＠|EVOLUZIONE al livello 10|＠|＠|Quando raggiungi il livello 30, usa|XP e miagrume per evolvere.|＠|＠|＠|＠|＠
Dall'evento capsule rare|Fiera pasquale|＠|EVOLUZIONE al livello 10|＠|＠|Quando raggiungi il livello 30, usa|XP e miagrume per evolvere.|＠|＠|＠|＠|＠
Raccogli da evento collab.|＠|＠|EVOLUZIONE al livello 10|＠|＠|＠|＠|＠|＠|＠|＠|＠
Raccogli da evento collab.|＠|＠|EVOLUZIONE al livello 10|＠|＠|＠|＠|＠|＠|＠|＠|＠
Raccogli da evento collab.|＠|＠|EVOLUZIONE al livello 10|＠|＠|＠|＠|＠|＠|＠|＠|＠
Raccogli da evento collab.|＠|＠|EVOLUZIONE al livello 10|＠|＠|＠|＠|＠|＠|＠|＠|＠
Raccogli da evento collab.|＠|＠|EVOLUZIONE al livello 10|＠|＠|＠|＠|＠|＠|＠|＠|＠
Raccogli da evento collab.|＠|＠|EVOLUZIONE al livello 10|＠|＠|＠|＠|＠|＠|＠|＠|＠
Raccogli da evento collab.|＠|＠|EVOLUZIONE al livello 10|＠|＠|＠|＠|＠|＠|＠|＠|＠
Raccogli da evento collab.|＠|＠|EVOLUZIONE al livello 10|＠|＠|＠|＠|＠|＠|＠|＠|＠
Raccogli da evento collab.|＠|＠|EVOLUZIONE al livello 10|＠|＠|＠|＠|＠|＠|＠|＠|＠
Raccogli da evento collab.|＠|＠|EVOLUZIONE al livello 10|＠|＠|＠|＠|＠|＠|＠|＠|＠
Raccogli da evento collab.|＠|＠|EVOLUZIONE al livello 10|＠|＠|＠|＠|＠|＠|＠|＠|＠
Dall'evento capsule rare|Ragazze e mostri|＠|EVOLUZIONE al livello 10|＠|＠|Quando raggiungi il livello 30, usa|XP e pietre Behemoth per evolvere.|＠|＠|＠|＠|＠
Raccogli dall'evento limitato|＠|＠|EVOLUZIONE al livello 10|＠|＠|＠|＠|＠|＠|＠|＠|＠
Dall'evento capsule rare|FESTIVAL EPICO|＠|EVOLUZIONE al livello 10|＠|＠|＠|＠|＠|＠|＠|＠|＠
Raccogli dall'evento limitato|＠|＠|EVOLUZIONE al livello 10|＠|＠|Quando raggiungi il livello 30, usa|XP e miagrume per evolvere.|＠|＠|＠|＠|＠
Raccogli da evento collab.|＠|＠|EVOLUZIONE al livello 10|＠|＠|＠|＠|＠|＠|＠|＠|＠
Dall'evento capsule rare|Festival regale|＠|EVOLUZIONE al livello 10|＠|＠|＠|＠|＠|＠|＠|＠|＠
Raccogli da ???|＠|＠|EVOLUZIONE al livello 10|＠|＠|Quando raggiungi il livello 30, usa|XP e pietre Behemoth per evolvere.|＠|＠|＠|＠|＠
Dall'evento capsule rare|Ragazze estive|＠|EVOLUZIONE al livello 10|＠|＠|Quando raggiungi il livello 30, usa|XP e miagrume per evolvere.|＠|＠|＠|＠|＠
Raccogli dall'evento limitato|＠|＠|EVOLUZIONE al livello 10|＠|＠|＠|＠|＠|＠|＠|＠|＠
Raccogli dall'evento limitato|＠|＠|EVOLUZIONE al livello 10|＠|＠|＠|＠|＠|＠|＠|＠|＠
Dall'evento capsule rare|Le Dinamiti|＠|EVOLUZIONE al livello 10|＠|＠|Quando raggiungi il livello 30, usa|XP e miagrume per evolvere.|＠|＠|＠|＠|＠
Dall'evento capsule rare|Dèi della guerra: Vajiras|＠|EVOLUZIONE al livello 10|＠|＠|Quando raggiungi il livello 30, usa|XP e miagrume per evolvere.|＠|＠|＠|＠|＠
Dall'evento capsule rare|Ragazze galattiche Cyberaccademia|＠|EVOLUZIONE al livello 10|＠|＠|Quando raggiungi il livello 30, usa|XP e miagrume per evolvere.|＠|＠|＠|＠|＠
Dall'evento capsule rare|Signori della distruzione: Dragoni Imperatori|＠|EVOLUZIONE al livello 10|＠|＠|Quando raggiungi il livello 30, usa|XP e miagrume per evolvere.|＠|＠|＠|＠|＠
Raccogli dal livello evento limitato|Il grande diablo|＠|EVOLUZIONE al livello 10|＠|＠|Dal livello evento|Il diablo più grande|EVOLUZIONE al livello 20|＠|＠|＠|＠
＠|＠|＠|EVOLUZIONE al livello 10|＠|＠|＠|＠|＠|＠|＠|＠|＠
Raccogli dal livello evento limitato|Sinfonia della tentazione|＠|EVOLUZIONE al livello 10|＠|＠|Dal livello evento|Rapsodia della tentazione|EVOLUZIONE al livello 20|＠|＠|＠|＠
Raccogli da evento collab.|＠|＠|EVOLUZIONE al livello 10|＠|＠|＠|＠|＠|＠|＠|＠|＠
Dall'evento capsule rare|I racconti di Nekoluga|＠|EVOLUZIONE al livello 10|＠|＠|Quando raggiungi il livello 30, usa|XP e miagrume per evolvere.|＠|＠|＠|＠|＠
Raccogli da evento collab.|＠|＠|EVOLUZIONE al livello 10|＠|＠|＠|＠|＠|＠|＠|＠|＠
Raccogli da evento collab.|＠|＠|EVOLUZIONE al livello 10|＠|＠|＠|＠|＠|＠|＠|＠|＠
Raccogli da evento collab.|＠|＠|EVOLUZIONE al livello 10|＠|＠|＠|＠|＠|＠|＠|＠|＠
Raccogli da capsule rare limitate|＠|＠|EVOLUZIONE al livello 10|＠|＠|Raccogli dal livello evento|"Il gatto malevolo"|EVOLUZIONE al livello 20|＠|＠|＠|＠
Raccogli dal livello evento limitato|Rashomon|＠|EVOLUZIONE al livello 10|＠|＠|＠|＠|＠|＠|＠|＠|＠
Dall'evento capsule rare|Fate elementali|＠|EVOLUZIONE al livello 10|＠|＠|Quando raggiungi il livello 30, usa|XP e miagrume per evolvere.|＠|＠|＠|＠|＠
Dall'evento capsule rare|Legione di ferro|＠|EVOLUZIONE al livello 10|＠|＠|Quando raggiungi il livello 30, usa|XP e miagrume per evolvere.|＠|＠|＠|＠|＠
Dall'evento capsule rare|Eroi antichi: Ultra spiriti|＠|EVOLUZIONE al livello 10|＠|＠|Quando raggiungi il livello 30, usa|XP e miagrume per evolvere.|＠|＠|＠|＠|＠
Dall'evento capsule rare|La giustizia risponde: Eroi Oscuri|＠|EVOLUZIONE al livello 10|＠|＠|Quando raggiungi il livello 30, usa|XP e miagrume per evolvere.|＠|＠|＠|＠|＠
Raccogli dall'evento limitato|＠|＠|EVOLUZIONE al livello 10|＠|＠|＠|＠|＠|＠|＠|＠|＠
Raccogli da capsule rare limitate|＠|＠|EVOLUZIONE al livello 10|＠|＠|Raccogli dal livello evento|"Il panzer malevolo"|EVOLUZIONE al livello 20|＠|＠|＠|＠
Raccogli da evento collab.|＠|＠|EVOLUZIONE al livello 10|＠|＠|＠|＠|＠|＠|＠|＠|＠
Raccogli da evento collab.|＠|＠|EVOLUZIONE al livello 10|＠|＠|＠|＠|＠|＠|＠|＠|＠
Raccogli da evento collab.|＠|＠|EVOLUZIONE al livello 10|＠|＠|＠|＠|＠|＠|＠|＠|＠
Raccogli da evento collab.|＠|＠|EVOLUZIONE al livello 10|＠|＠|＠|＠|＠|＠|＠|＠|＠
Dall'evento capsule rare|FESTIVAL ULTRA|＠|EVOLUZIONE al livello 10|＠|＠|＠|＠|＠|＠|＠|＠|＠
Dall'evento capsule rare|Gli Onnipotenti: il Divino Zeus|＠|EVOLUZIONE al livello 10|＠|＠|Quando raggiungi il livello 30, usa|XP e miagrume per evolvere.|＠|＠|＠|＠|＠
＠|＠|＠|EVOLUZIONE al livello 10|＠|＠|＠|＠|＠|＠|＠|＠|＠
Dall'evento capsule rare|Ragazze in amore|＠|EVOLUZIONE al livello 10|＠|＠|Quando raggiungi il livello 30, usa|XP e miagrume per evolvere.|＠|＠|＠|＠|＠
Raccogli da capsule rare limitate|＠|＠|EVOLUZIONE al livello 10|＠|＠|Raccogli dal livello evento|"L'ascia malevola"|EVOLUZIONE al livello 20|＠|＠|＠|＠
Raccogli dall'evento limitato|＠|＠|EVOLUZIONE al livello 10|＠|＠|＠|＠|＠|＠|＠|＠|＠
Dall'evento capsule rare|Ragazze galattiche Cyberaccademia|＠|EVOLUZIONE al livello 10|＠|＠|Quando raggiungi il livello 30, usa|XP e miagrume per evolvere.|＠|＠|＠|＠|＠
Dall'evento capsule rare|Capsule White Day|＠|EVOLUZIONE al livello 10|＠|＠|＠|＠|＠|＠|＠|＠|＠
Dall'evento capsule rare|Dèi della guerra: Vajiras|＠|EVOLUZIONE al livello 10|＠|＠|Quando raggiungi il livello 30, usa|XP e miagrume per evolvere.|＠|＠|＠|＠|＠
Raccogli dall'evento limitato|＠|＠|EVOLUZIONE al livello 10|＠|＠|＠|＠|＠|＠|＠|＠|＠
Raccogli dall'evento limitato|＠|＠|EVOLUZIONE al livello 10|＠|＠|＠|＠|＠|＠|＠|＠|＠
Raccogli dall'evento limitato|＠|＠|EVOLUZIONE al livello 10|＠|＠|＠|＠|＠|＠|＠|＠|＠
＠|＠|＠|EVOLUZIONE al livello 10|＠|＠|Quando raggiungi il livello 30, usa|XP e pietre Behemoth per evolvere.|＠|＠|＠|＠|＠
Raccogli da capsule rare limitate|＠|＠|EVOLUZIONE al livello 10|＠|＠|Raccogli dal livello evento|"L'alto malevolo"|EVOLUZIONE al livello 20|＠|＠|＠|＠
Dall'evento capsule rare|Fate elementali|＠|EVOLUZIONE al livello 10|＠|＠|Quando raggiungi il livello 30, usa|XP e miagrume per evolvere.|＠|＠|＠|＠|＠
＠|Scavo dell'imperatrice 1|＠|EVOLUZIONE al livello 10|＠|＠|Quando raggiungi il livello 30, usa|XP e pietre Behemoth per evolvere.|＠|＠|＠|＠|＠
Dall'evento capsule rare|FESTIVAL EPICO|＠|EVOLUZIONE al livello 10|＠|＠|＠|＠|＠|＠|＠|＠|＠
＠|＠|＠|EVOLUZIONE al livello 10|＠|＠|＠|＠|＠|＠|＠|＠|＠
＠|＠|＠|EVOLUZIONE al livello 10|＠|＠|＠|＠|＠|＠|＠|＠|＠
Dall'evento capsule rare|Signori della distruzione: Dragoni Imperatori|＠|EVOLUZIONE al livello 10|＠|＠|Quando raggiungi il livello 30, usa|XP e miagrume per evolvere.|＠|＠|＠|＠|＠
Dall'evento capsule rare|Sposa di giugno|＠|EVOLUZIONE al livello 10|＠|＠|＠|＠|＠|＠|＠|＠|＠
Raccogli da capsule rare limitate|＠|＠|EVOLUZIONE al livello 10|＠|＠|Raccogli dal livello evento|"La mucca malevola"|EVOLUZIONE al livello 20|＠|＠|＠|＠
＠|＠|＠|EVOLUZIONE al livello 10|＠|＠|＠|＠|＠|＠|＠|＠|＠
＠|＠|＠|EVOLUZIONE al livello 10|＠|＠|＠|＠|＠|＠|＠|＠|＠
Raccogli dall'evento limitato|＠|＠|EVOLUZIONE al livello 10|＠|＠|Quando raggiungi il livello 30, usa|XP e pietre Behemoth per evolvere.|＠|＠|＠|＠|＠
Dall'evento capsule rare|Ragazze estive|＠|EVOLUZIONE al livello 10|＠|＠|＠|＠|＠|＠|＠|＠|＠
Raccogli da capsule rare limitate|＠|＠|EVOLUZIONE al livello 10|＠|＠|Raccogli dal livello evento|"L'uccello malevolo"|EVOLUZIONE al livello 20|＠|＠|＠|＠
Dall'evento capsule rare|Le Dinamiti|＠|EVOLUZIONE al livello 10|＠|＠|Quando raggiungi il livello 30, usa|XP e miagrume per evolvere.|＠|＠|＠|＠|＠
Raccogli dal livello evento limitato|Scavo dell'imperatrice 2|＠|EVOLUZIONE al livello 10|＠|＠|Quando raggiungi il livello 30, usa|XP e pietre Behemoth per evolvere.|＠|＠|＠|＠|＠
Raccogli dall'evento limitato|＠|＠|EVOLUZIONE al livello 10|＠|＠|Quando raggiungi il livello 30, usa|XP e pietre Behemoth per evolvere.|＠|＠|＠|＠|＠
Raccogli da evento collab.|＠|＠|EVOLUZIONE al livello 10|＠|＠|＠|＠|＠|＠|＠|＠|＠
Raccogli da evento collab.|＠|＠|EVOLUZIONE al livello 10|＠|＠|＠|＠|＠|＠|＠|＠|＠
＠|＠|＠|EVOLUZIONE al livello 10|＠|＠|＠|＠|＠|＠|＠|＠|＠
Dall'evento capsule rare|Legione di ferro|＠|EVOLUZIONE al livello 10|＠|＠|Quando raggiungi il livello 30, usa|XP e miagrume per evolvere.|＠|＠|＠|＠|＠
＠|＠|＠|EVOLUZIONE al livello 10|＠|＠|＠|＠|＠|＠|＠|＠|＠
＠|＠|＠|EVOLUZIONE al livello 10|＠|＠|＠|＠|＠|＠|＠|＠|＠
Raccogli da evento collab.|＠|＠|EVOLUZIONE al livello 10|＠|＠|＠|＠|＠|＠|＠|＠|＠
Raccogli da evento collab.|＠|＠|EVOLUZIONE al livello 10|＠|＠|＠|＠|＠|＠|＠|＠|＠
Raccogli da evento collab.|＠|＠|EVOLUZIONE al livello 10|＠|＠|＠|＠|＠|＠|＠|＠|＠
Raccogli da evento collab.|＠|＠|EVOLUZIONE al livello 10|＠|＠|＠|＠|＠|＠|＠|＠|＠
Raccogli da evento collab.|＠|＠|EVOLUZIONE al livello 10|＠|＠|＠|＠|＠|＠|＠|＠|＠
Dall'evento capsule rare|Ragazze e mostri|＠|EVOLUZIONE al livello 10|＠|＠|Quando raggiungi il livello 30, usa|XP e miagrume per evolvere.|＠|＠|＠|＠|＠
Dall'evento capsule rare|Fiera di Halloween|＠|EVOLUZIONE al livello 10|＠|＠|Quando raggiungi il livello 30, usa|XP e miagrume per evolvere.|＠|＠|＠|＠|＠
Raccogli da capsule rare limitate|＠|＠|EVOLUZIONE al livello 10|＠|＠|Raccogli dal livello evento|"Il pesce malevolo"|EVOLUZIONE al livello 20|＠|＠|＠|＠
Raccogli dal livello evento limitato|Scavo dell'imperatrice 3|＠|EVOLUZIONE al livello 10|＠|＠|Quando raggiungi il livello 30, usa|XP e pietre Behemoth per evolvere.|＠|＠|＠|＠|＠
Dall'evento capsule rare|Antigiganti|＠|EVOLUZIONE al livello 10|＠|＠|＠|＠|＠|＠|＠|＠|＠
Dall'evento capsule rare|Ragazze natalizie|＠|EVOLUZIONE al livello 10|＠|＠|＠|＠|＠|＠|＠|＠|＠
Raccogli da capsule rare limitate|＠|＠|EVOLUZIONE al livello 10|＠|＠|Raccogli dal livello evento|"La lucertola malevola"|EVOLUZIONE al livello 20|＠|＠|＠|＠
Raccogli dall'evento limitato|＠|＠|EVOLUZIONE al livello 10|＠|＠|＠|＠|＠|＠|＠|＠|＠
Dall'evento capsule rare|FESTIVAL ULTRA|＠|EVOLUZIONE al livello 10|＠|＠|＠|＠|＠|＠|＠|＠|＠
＠|＠|＠|EVOLUZIONE al livello 10|＠|＠|Quando raggiungi il livello 30, usa|XP e pietre Behemoth per evolvere.|＠|＠|＠|＠|＠
Dall'evento capsule rare|Eroi antichi: Ultra spiriti|＠|EVOLUZIONE al livello 10|＠|＠|Quando raggiungi il livello 30, usa|XP e miagrume per evolvere.|＠|＠|＠|＠|＠
Dall'evento capsule rare|Capsule White Day|＠|EVOLUZIONE al livello 10|＠|＠|＠|＠|＠|＠|＠|＠|＠
Raccogli da capsule rare limitate|＠|＠|EVOLUZIONE al livello 10|＠|＠|Raccogli dal livello evento|"Il titano malevolo"|EVOLUZIONE al livello 20|＠|＠|＠|＠
Raccogli dal livello evento limitato|Orda di Gatti|＠|EVOLUZIONE al livello 10|＠|＠|＠|＠|＠|＠|＠|＠|＠
Raccogli dall'evento limitato|＠|＠|EVOLUZIONE al livello 10|＠|＠|＠|＠|＠|＠|＠|＠|＠
＠|＠|＠|EVOLUZIONE al livello 10|＠|＠|Quando raggiungi il livello 30, usa|XP e pietre Behemoth per evolvere.|＠|＠|＠|＠|＠
Dall'evento capsule rare|La giustizia risponde: Eroi Oscuri|＠|EVOLUZIONE al livello 10|＠|＠|Quando raggiungi il livello 30, usa|XP e miagrume per evolvere.|＠|＠|＠|＠|＠
Dall'evento capsule rare|Fiera pasquale|＠|EVOLUZIONE al livello 10|＠|＠|＠|＠|＠|＠|＠|＠|＠
Raccogli dal livello evento limitato|Scavo dell'imperatrice 4|＠|EVOLUZIONE al livello 10|＠|＠|Quando raggiungi il livello 30, usa|XP e pietre Behemoth per evolvere.|＠|＠|＠|＠|＠
Raccogli da evento collab.|＠|＠|EVOLUZIONE al livello 10|＠|＠|＠|＠|＠|＠|＠|＠|＠
Raccogli da evento collab.|＠|＠|EVOLUZIONE al livello 10|＠|＠|＠|＠|＠|＠|＠|＠|＠
Raccogli da evento collab.|＠|＠|EVOLUZIONE al livello 10|＠|＠|＠|＠|＠|＠|＠|＠|＠
Raccogli da evento collab.|＠|＠|EVOLUZIONE al livello 10|＠|＠|＠|＠|＠|＠|＠|＠|＠
Dall'evento capsule rare|FESTIVAL EPICO|＠|EVOLUZIONE al livello 10|＠|＠|＠|＠|＠|＠|＠|＠|＠
＠|＠|＠|EVOLUZIONE al livello 10|＠|＠|＠|＠|＠|＠|＠|＠|＠
＠|＠|＠|EVOLUZIONE al livello 10|＠|＠|＠|＠|＠|＠|＠|＠|＠
Raccogli dal livello evento limitato|Il regno del tiranno|＠|EVOLUZIONE al livello 10|＠|＠|＠|＠|＠|＠|＠|＠|＠
Raccogli da evento collab.|＠|＠|EVOLUZIONE al livello 10|＠|＠|＠|＠|＠|＠|＠|＠|＠
Raccogli da evento collab.|＠|＠|EVOLUZIONE al livello 10|＠|＠|＠|＠|＠|＠|＠|＠|＠
Dall'evento capsule rare|Sposa di giugno|＠|EVOLUZIONE al livello 10|＠|＠|＠|＠|＠|＠|＠|＠|＠
Dall'evento capsule rare|I racconti di Nekoluga|＠|EVOLUZIONE al livello 10|＠|＠|＠|＠|＠|＠|＠|＠|＠
Raccogli dall'evento limitato|＠|＠|EVOLUZIONE al livello 10|＠|＠|Quando raggiungi il livello 30, usa|XP e pietre Behemoth per evolvere.|＠|＠|＠|＠|＠
Dall'evento capsule rare|Ragazze estive|＠|EVOLUZIONE al livello 10|＠|＠|＠|＠|＠|＠|＠|＠|＠
Dall'evento capsule rare|Legione di ferro|＠|EVOLUZIONE al livello 10|＠|＠|Quando raggiungi il livello 30, usa|XP e miagrume per evolvere.|＠|＠|＠|＠|＠
Dall'evento capsule rare|Legione di ferro|＠|EVOLUZIONE al livello 10|＠|＠|Quando raggiungi il livello 30, usa|XP e miagrume per evolvere.|＠|＠|＠|＠|＠
＠|＠|＠|EVOLUZIONE al livello 10|＠|＠|＠|＠|＠|＠|＠|＠|＠
Raccogli dal livello evento limitato|Discesa del guardiano della palude Sanzu|＠|EVOLUZIONE al livello 10|＠|＠|＠|＠|＠|＠|＠|＠|＠
Dall'evento capsule rare|Fate elementali|＠|EVOLUZIONE al livello 10|＠|＠|＠|＠|＠|＠|＠|＠|＠
Raccogli dal livello evento limitato|Scavo dell'imperatrice 5|＠|EVOLUZIONE al livello 10|＠|＠|Quando raggiungi il livello 30, usa|XP e pietre Behemoth per evolvere.|＠|＠|＠|＠|＠
Raccogli da evento collab.|＠|＠|EVOLUZIONE al livello 10|＠|＠|＠|＠|＠|＠|＠|＠|＠
Raccogli da evento collab.|＠|＠|EVOLUZIONE al livello 10|＠|＠|＠|＠|＠|＠|＠|＠|＠
Dall'evento capsule rare|Gli Onnipotenti: il Divino Zeus|＠|EVOLUZIONE al livello 10|＠|＠|Quando raggiungi il livello 30, usa|XP e miagrume per evolvere.|＠|＠|＠|＠|＠
＠|＠|＠|EVOLUZIONE al livello 10|＠|＠|＠|＠|＠|＠|＠|＠|＠
Dall'evento capsule rare|Ragazze e mostri|＠|EVOLUZIONE al livello 10|＠|＠|＠|＠|＠|＠|＠|＠|＠
Raccogli dall'evento limitato|＠|＠|EVOLUZIONE al livello 10|＠|＠|＠|＠|＠|＠|＠|＠|＠
Raccogli da evento collab.|＠|＠|EVOLUZIONE al livello 10|＠|＠|＠|＠|＠|＠|＠|＠|＠
＠|＠|＠|EVOLUZIONE al livello 10|＠|＠|＠|＠|＠|＠|＠|＠|＠
＠|＠|＠|EVOLUZIONE al livello 10|＠|＠|＠|＠|＠|＠|＠|＠|＠
Raccogli dall'evento limitato|＠|＠|EVOLUZIONE al livello 10|＠|＠|Quando raggiungi il livello 30, usa|XP e pietre Behemoth per evolvere.|＠|＠|＠|＠|＠
＠|＠|＠|EVOLUZIONE al livello 10|＠|＠|＠|＠|＠|＠|＠|＠|＠
＠|＠|＠|EVOLUZIONE al livello 10|＠|＠|＠|＠|＠|＠|＠|＠|＠
Dall'evento capsule rare|Ragazze galattiche Cyberaccademia|＠|EVOLUZIONE al livello 10|＠|＠|＠|＠|＠|＠|＠|＠|＠
＠|＠|＠|EVOLUZIONE al livello 10|＠|＠|＠|＠|＠|＠|＠|＠|＠
Raccogli dall'evento limitato|＠|＠|EVOLUZIONE al livello 10|＠|＠|＠|＠|＠|＠|＠|＠|＠
Raccogli da capsule rare limitate|Capsule White Day|＠|EVOLUZIONE al livello 10|＠|＠|＠|＠|＠|＠|＠|＠|＠
Dall'evento capsule rare|Fiera pasquale|＠|EVOLUZIONE al livello 10|＠|＠|＠|＠|＠|＠|＠|＠|＠
＠|＠|＠|EVOLUZIONE al livello 10|＠|＠|＠|＠|＠|＠|＠|＠|＠
＠|＠|＠|EVOLUZIONE al livello 10|＠|＠|＠|＠|＠|＠|＠|＠|＠
Raccogli dall'evento limitato|＠|＠|EVOLUZIONE al livello 10|＠|＠|＠|＠|＠|＠|＠|＠|＠
Raccogli da evento collab.|＠|＠|EVOLUZIONE al livello 10|＠|＠|＠|＠|＠|＠|＠|＠|＠
Raccogli da evento collab.|＠|＠|EVOLUZIONE al livello 10|＠|＠|＠|＠|＠|＠|＠|＠|＠
Raccogli da evento collab.|＠|＠|EVOLUZIONE al livello 10|＠|＠|＠|＠|＠|＠|＠|＠|＠
Raccogli da evento collab.|＠|＠|EVOLUZIONE al livello 10|＠|＠|＠|＠|＠|＠|＠|＠|＠
Raccogli da evento collab.|＠|＠|EVOLUZIONE al livello 10|＠|＠|＠|＠|＠|＠|＠|＠|＠
Raccogli da evento collab.|＠|＠|EVOLUZIONE al livello 10|＠|＠|＠|＠|＠|＠|＠|＠|＠
Raccogli da evento collab.|＠|＠|EVOLUZIONE al livello 10|＠|＠|＠|＠|＠|＠|＠|＠|＠
Raccogli da evento collab.|＠|＠|EVOLUZIONE al livello 10|＠|＠|＠|＠|＠|＠|＠|＠|＠
Raccogli da evento collab.|＠|＠|EVOLUZIONE al livello 10|＠|＠|＠|＠|＠|＠|＠|＠|＠
Raccogli da evento collab.|＠|＠|EVOLUZIONE al livello 10|＠|＠|＠|＠|＠|＠|＠|＠|＠
Raccogli da evento collab.|＠|＠|EVOLUZIONE al livello 10|＠|＠|＠|＠|＠|＠|＠|＠|＠
Raccogli da evento collab.|＠|＠|EVOLUZIONE al livello 10|＠|＠|＠|＠|＠|＠|＠|＠|＠
Raccogli da evento collab.|＠|＠|EVOLUZIONE al livello 10|＠|＠|＠|＠|＠|＠|＠|＠|＠
Dall'evento capsule rare|Dèi della guerra: Vajiras|＠|EVOLUZIONE al livello 10|＠|＠|＠|＠|＠|＠|＠|＠|＠
＠|＠|＠|EVOLUZIONE al livello 10|＠|＠|＠|＠|＠|＠|＠|＠|＠
Raccogli da capsule rare limitate|Sposa di giugno|＠|EVOLUZIONE al livello 10|＠|＠|＠|＠|＠|＠|＠|＠|＠
Raccogli dall'evento limitato|＠|＠|EVOLUZIONE al livello 10|＠|＠|Quando raggiungi il livello 30, usa|XP e pietre Behemoth per evolvere.|＠|＠|＠|＠|＠
Raccogli da capsule rare limitate|＠|＠|EVOLUZIONE al livello 10|＠|＠|＠|＠|＠|＠|＠|＠|＠
Raccogli da capsule rare limitate|Ragazze estive|＠|EVOLUZIONE al livello 10|＠|＠|＠|＠|＠|＠|＠|＠|＠
Dall'evento capsule rare|Signori della distruzione: Dragoni Imperatori|＠|EVOLUZIONE al livello 10|＠|＠|＠|＠|＠|＠|＠|＠|＠
＠|＠|＠|EVOLUZIONE al livello 10|＠|＠|＠|＠|＠|＠|＠|＠|＠
Raccogli da evento collab.|＠|＠|EVOLUZIONE al livello 10|＠|＠|＠|＠|＠|＠|＠|＠|＠
Dall'evento capsule rare|Le Dinamiti|＠|EVOLUZIONE al livello 10|＠|＠|＠|＠|＠|＠|＠|＠|＠
＠|＠|＠|EVOLUZIONE al livello 10|＠|＠|＠|＠|＠|＠|＠|＠|＠
Raccogli dall'evento limitato|＠|＠|EVOLUZIONE al livello 10|＠|＠|Quando raggiungi il livello 30, usa|XP e pietre Behemoth per evolvere.|＠|＠|＠|＠|＠
Raccogli dall'evento limitato|＠|＠|EVOLUZIONE al livello 10|＠|＠|＠|＠|＠|＠|＠|＠|＠
Raccogli dall'evento limitato|＠|＠|EVOLUZIONE al livello 10|＠|＠|＠|＠|＠|＠|＠|＠|＠
Raccogli da evento collab.|＠|＠|EVOLUZIONE al livello 10|＠|＠|＠|＠|＠|＠|＠|＠|＠
Dall'evento capsule rare|Eroi antichi: Ultra spiriti|＠|EVOLUZIONE al livello 10|＠|＠|＠|＠|＠|＠|＠|＠|＠
＠|＠|＠|EVOLUZIONE al livello 10|＠|＠|＠|＠|＠|＠|＠|＠|＠
＠|＠|＠|EVOLUZIONE al livello 10|＠|＠|＠|＠|＠|＠|＠|＠|＠
Dall'evento capsule rare|Fiera di Halloween|＠|EVOLUZIONE al livello 10|＠|＠|＠|＠|＠|＠|＠|＠|＠
Dall'evento capsule rare|Fiera di Halloween|＠|EVOLUZIONE al livello 10|＠|＠|＠|＠|＠|＠|＠|＠|＠
Dall'evento capsule rare|La giustizia risponde: Eroi Oscuri|＠|EVOLUZIONE al livello 10|＠|＠|＠|＠|＠|＠|＠|＠|＠
＠|＠|＠|EVOLUZIONE al livello 10|＠|＠|＠|＠|＠|＠|＠|＠|＠
Raccogli dall'evento limitato|＠|＠|EVOLUZIONE al livello 10|＠|＠|＠|＠|＠|＠|＠|＠|＠
Raccogli da capsule rare limitate|Ragazze natalizie|＠|EVOLUZIONE al livello 10|＠|＠|＠|＠|＠|＠|＠|＠|＠
Raccogli da evento collab.|＠|＠|EVOLUZIONE al livello 10|＠|＠|＠|＠|＠|＠|＠|＠|＠
Dall'evento capsule rare|FESTIVAL ULTRA|＠|EVOLUZIONE al livello 10|＠|＠|＠|＠|＠|＠|＠|＠|＠
Raccogli dal livello evento limitato|Xenobestia Bunaglios|＠|EVOLUZIONE al livello 10|＠|＠|＠|＠|＠|＠|＠|＠|＠
Dall'evento capsule rare|I racconti di Nekoluga|＠|EVOLUZIONE al livello 10|＠|＠|＠|＠|＠|＠|＠|＠|＠
＠|＠|＠|EVOLUZIONE al livello 10|＠|＠|＠|＠|＠|＠|＠|＠|＠
Raccogli da capsule rare limitate|＠|＠|EVOLUZIONE al livello 10|＠|＠|＠|＠|＠|＠|＠|＠|＠
Raccogli dall'evento limitato|＠|＠|EVOLUZIONE al livello 10|＠|＠|＠|＠|＠|＠|＠|＠|＠
Raccogli dal livello evento|Orda di Gatti|＠|EVOLUZIONE al livello 10|＠|＠|＠|＠|＠|＠|＠|＠|＠
Raccogli da capsule rare limitate|Capsule White Day|＠|EVOLUZIONE al livello 10|＠|＠|＠|＠|＠|＠|＠|＠|＠
Dall'evento capsule rare|FESTIVAL EPICO|＠|EVOLUZIONE al livello 10|＠|＠|＠|＠|＠|＠|＠|＠|＠
Raccogli dall'evento limitato|＠|＠|EVOLUZIONE al livello 10|＠|＠|＠|＠|＠|＠|＠|＠|＠
Raccogli da evento collab.|＠|＠|EVOLUZIONE al livello 10|＠|＠|＠|＠|＠|＠|＠|＠|＠
Raccogli da evento collab.|＠|＠|EVOLUZIONE al livello 10|＠|＠|＠|＠|＠|＠|＠|＠|＠
Raccogli da evento collab.|＠|＠|EVOLUZIONE al livello 10|＠|＠|＠|＠|＠|＠|＠|＠|＠
Raccogli da evento collab.|＠|＠|EVOLUZIONE al livello 10|＠|＠|＠|＠|＠|＠|＠|＠|＠
Raccogli da evento collab.|＠|＠|EVOLUZIONE al livello 10|＠|＠|＠|＠|＠|＠|＠|＠|＠
Raccogli da evento collab.|＠|＠|EVOLUZIONE al livello 10|＠|＠|＠|＠|＠|＠|＠|＠|＠
Raccogli da evento collab.|＠|＠|EVOLUZIONE al livello 10|＠|＠|＠|＠|＠|＠|＠|＠|＠
Raccogli da evento collab.|＠|＠|EVOLUZIONE al livello 10|＠|＠|＠|＠|＠|＠|＠|＠|＠
Raccogli da evento collab.|＠|＠|EVOLUZIONE al livello 10|＠|＠|＠|＠|＠|＠|＠|＠|＠
Raccogli da evento collab.|＠|＠|EVOLUZIONE al livello 10|＠|＠|＠|＠|＠|＠|＠|＠|＠
Dall'evento capsule rare|Legione di ferro|＠|EVOLUZIONE al livello 10|＠|＠|＠|＠|＠|＠|＠|＠|＠
＠|＠|＠|EVOLUZIONE al livello 10|＠|＠|＠|＠|＠|＠|＠|＠|＠
＠|＠|＠|EVOLUZIONE al livello 10|＠|＠|＠|＠|＠|＠|＠|＠|＠
＠|＠|＠|EVOLUZIONE al livello 10|＠|＠|＠|＠|＠|＠|＠|＠|＠
Raccogli da evento collab.|＠|＠|EVOLUZIONE al livello 10|＠|＠|＠|＠|＠|＠|＠|＠|＠
Raccogli da evento collab.|＠|＠|EVOLUZIONE al livello 10|＠|＠|＠|＠|＠|＠|＠|＠|＠
Raccogli da evento collab.|＠|＠|EVOLUZIONE al livello 10|＠|＠|＠|＠|＠|＠|＠|＠|＠
Raccogli da evento collab.|＠|＠|EVOLUZIONE al livello 10|＠|＠|＠|＠|＠|＠|＠|＠|＠
Raccogli da evento collab.|＠|＠|EVOLUZIONE al livello 10|＠|＠|＠|＠|＠|＠|＠|＠|＠
Raccogli da evento collab.|＠|＠|EVOLUZIONE al livello 10|＠|＠|＠|＠|＠|＠|＠|＠|＠
Raccogli da evento collab.|＠|＠|EVOLUZIONE al livello 10|＠|＠|＠|＠|＠|＠|＠|＠|＠
＠|＠|＠|EVOLUZIONE al livello 10|＠|＠|＠|＠|＠|＠|＠|＠|＠
Dall'evento capsule rare|Gli Onnipotenti: il Divino Zeus|＠|EVOLUZIONE al livello 10|＠|＠|＠|＠|＠|＠|＠|＠|＠
＠|＠|＠|EVOLUZIONE al livello 10|＠|＠|＠|＠|＠|＠|＠|＠|＠
Raccogli dall'evento limitato|＠|＠|EVOLUZIONE al livello 10|＠|＠|＠|＠|＠|＠|＠|＠|＠
Raccogli da evento collab.|＠|＠|EVOLUZIONE al livello 10|＠|＠|＠|＠|＠|＠|＠|＠|＠
＠|＠|＠|EVOLUZIONE al livello 10|＠|＠|＠|＠|＠|＠|＠|＠|＠
＠|＠|＠|EVOLUZIONE al livello 10|＠|＠|＠|＠|＠|＠|＠|＠|＠
Dall'evento capsule rare|Fate elementali|＠|EVOLUZIONE al livello 10|＠|＠|＠|＠|＠|＠|＠|＠|＠
＠|＠|＠|EVOLUZIONE al livello 10|＠|＠|＠|＠|＠|＠|＠|＠|＠
＠|＠|＠|EVOLUZIONE al livello 10|＠|＠|＠|＠|＠|＠|＠|＠|＠
＠|＠|＠|EVOLUZIONE al livello 10|＠|＠|＠|＠|＠|＠|＠|＠|＠
＠|＠|＠|EVOLUZIONE al livello 10|＠|＠|＠|＠|＠|＠|＠|＠|＠
＠|＠|＠|EVOLUZIONE al livello 10|＠|＠|＠|＠|＠|＠|＠|＠|＠
＠|＠|＠|EVOLUZIONE al livello 10|＠|＠|＠|＠|＠|＠|＠|＠|＠